turns,white_rating,black_rating,opening_moves,victory_status_cod,winner_cod,time_increment_cod,opening_code_cod,opening_fullname_cod,rated_cod
61,1919,1798,2,3,2,19,61,191,1
86,1195,1123,4,1,0,19,191,665,1
27,1867,1932,9,3,0,28,103,1197,1
37,1371,1193,3,3,2,19,171,650,1
52,1415,1431,6,2,0,19,213,1121,1
121,1817,1839,5,3,2,19,99,1314,1
28,1152,1246,2,1,0,187,90,1194,1
34,1216,1523,4,3,0,315,192,784,1
50,1196,1549,2,1,0,315,77,682,1
8,1576,1636,5,3,0,19,0,435,1
17,1586,1473,5,3,2,19,241,976,1
104,1340,1433,2,3,0,19,239,961,1
119,1951,1894,1,3,2,311,10,215,1
96,1931,1790,4,2,0,19,78,806,1
50,1294,1804,9,1,0,315,201,494,1
58,1461,1455,3,1,0,19,171,655,1
66,1697,1770,10,3,0,102,154,316,1
85,1902,1706,4,1,2,19,99,1324,1
45,1810,1700,9,3,0,19,204,471,1
23,1506,1476,7,3,2,108,268,890,1
70,1029,1753,1,1,0,19,307,27,1
45,1513,1197,5,1,2,102,311,445,1
23,1553,1008,4,3,2,236,192,784,1
117,1595,1583,5,1,2,26,211,1036,1
33,1930,1850,10,3,2,102,101,1261,1
118,1838,1846,3,3,0,56,239,977,1
55,1767,1713,1,3,2,19,0,434,1
51,1749,1716,7,3,2,19,204,466,1
59,1821,1620,3,1,2,102,83,111,1
67,2021,1921,4,3,2,19,191,647,1
53,1459,1191,4,2,2,19,117,1194,1
67,1042,1159,3,2,2,54,1,740,1
27,1328,1500,5,3,2,361,197,1415,0
52,1543,2087,1,1,0,19,0,677,1
21,1756,1569,4,1,2,187,191,643,1
46,1356,1491,2,0,1,356,72,1125,1
25,1636,1417,4,3,2,104,0,181,0
71,2099,1829,4,1,2,189,8,585,1
125,1832,1773,3,2,2,102,90,1370,1
70,1461,1833,5,3,0,19,193,1034,0
64,1806,2009,5,1,0,19,77,687,1
53,2154,2010,3,3,2,236,92,1202,1
60,1622,1842,10,3,0,108,154,316,1
64,1158,1306,3,1,0,19,71,656,1
70,1565,1536,5,3,0,28,172,183,1
20,1299,991,3,3,2,117,171,661,1
74,1744,1801,9,3,0,300,111,1263,1
93,1459,1461,3,3,0,194,90,1208,1
146,1977,1816,2,3,0,213,28,269,0
92,1655,1604,2,3,0,108,171,639,1
33,1466,1303,7,3,2,117,219,1074,1
28,1858,1701,7,3,0,264,153,397,0
70,1706,1983,5,1,0,108,241,976,1
53,1990,1678,2,1,2,102,4,1465,1
100,1349,1267,4,1,0,187,73,21,1
43,2156,1621,5,3,2,108,45,454,0
81,1490,1317,6,3,0,37,201,503,1
141,1445,1649,3,1,2,197,171,660,1
116,1729,1639,3,3,0,189,92,1202,1
2,1409,1723,2,3,2,187,171,639,1
41,1477,1314,3,1,2,65,171,282,1
87,1582,1656,3,2,2,19,174,67,1
55,1615,1662,3,2,2,108,152,359,1
40,1499,1501,2,1,0,19,19,247,1
62,1811,1955,8,3,0,19,196,1154,1
45,1903,1787,2,3,2,361,36,682,1
57,1525,1524,8,1,2,187,79,819,0
39,1758,1649,8,1,2,19,201,495,1
48,1500,1663,3,1,0,260,90,1208,0
139,1370,1226,1,3,2,2,0,1433,1
40,1500,1365,2,1,0,315,4,1004,0
83,1715,1721,4,3,2,102,72,1143,0
68,1550,1556,5,3,0,19,192,783,1
91,1949,1966,3,2,2,361,239,962,1
35,1886,1345,6,1,2,19,259,869,1
45,1500,1259,2,1,2,248,10,238,0
50,1558,1962,5,3,0,19,153,343,1
61,1406,1527,7,1,2,356,268,886,0
32,1162,1830,3,1,0,37,36,291,1
78,986,1289,2,1,0,102,72,1125,1
63,1375,1269,4,3,2,19,191,645,1
106,1010,1730,1,1,0,37,0,677,1
43,2003,1284,5,1,2,19,83,145,1
47,1636,1601,4,1,2,19,72,1141,1
53,1387,1562,2,1,2,222,71,774,1
42,1477,1413,7,3,2,368,78,820,0
99,1395,1367,5,1,2,21,195,1150,0
40,1374,1351,4,3,0,19,191,653,1
20,1073,1313,4,3,0,19,181,574,1
85,1737,1752,6,3,2,19,92,1203,1
89,1566,1558,1,3,2,19,36,960,1
40,1560,1270,5,1,0,103,246,936,1
95,1562,1715,6,3,0,316,50,769,1
69,2211,1900,5,1,2,37,162,360,1
11,1290,1371,9,3,2,19,226,1097,1
141,1799,1832,3,3,0,19,152,359,1
86,1621,1650,10,2,0,19,122,1215,1
80,1741,1880,8,2,0,19,101,1282,1
67,1639,1674,1,3,0,50,0,434,1
66,1579,1726,1,3,0,26,0,1433,1
51,1776,1888,7,3,2,258,153,397,1
41,1300,1333,6,1,2,108,119,1211,1
78,2001,1395,6,2,0,315,78,182,1
21,1708,1862,5,3,2,21,193,1035,0
33,1678,1299,10,3,2,19,172,185,0
16,1199,1503,1,1,0,379,0,434,1
40,1451,1594,4,3,0,390,191,643,1
93,1507,1448,5,3,2,236,177,1439,1
98,1788,2059,4,3,0,19,241,980,1
73,1404,1420,2,0,1,19,3,62,1
79,1638,1130,5,1,2,19,20,247,1
36,1460,1675,4,1,0,253,9,1007,1
121,1933,1970,4,2,2,19,45,209,1
76,1508,1496,2,1,0,103,81,111,0
72,1159,1207,5,1,0,391,192,785,1
119,1852,1836,4,0,1,21,99,1324,1
58,1504,1612,4,3,0,211,72,1141,0
64,1389,1561,2,1,0,19,81,111,1
24,1764,1365,4,3,2,19,108,1251,0
129,2113,2120,2,1,2,19,239,961,1
43,1170,981,3,2,2,19,191,635,1
67,1333,1302,6,3,2,19,201,405,1
35,1854,1162,3,1,2,211,152,352,1
36,1203,1422,1,1,0,19,0,827,1
72,1673,1717,4,1,0,108,264,874,1
63,2062,2140,3,3,2,187,152,352,1
97,1584,1500,5,2,2,361,84,134,0
25,1543,1517,8,3,0,236,201,297,0
43,1742,1218,3,1,2,37,71,656,0
71,1634,1698,1,1,2,361,0,1433,1
69,1802,1500,7,0,1,313,192,799,0
44,1886,1836,3,3,0,108,152,351,1
92,1939,2129,6,3,0,110,197,1419,1
51,1395,1338,4,3,0,75,191,643,1
67,1460,1242,4,1,2,19,195,637,1
70,1696,1563,1,1,0,311,0,30,1
84,1291,1313,4,3,2,19,99,1324,0
55,1693,1521,2,3,2,356,36,433,1
96,1431,1585,8,0,1,200,196,1166,1
29,1601,981,7,1,2,311,199,304,0
83,1518,1419,1,3,2,19,0,434,1
18,1559,1400,2,3,2,19,36,214,0
58,1376,1418,8,3,0,19,201,297,1
70,1950,1500,3,0,1,21,7,585,0
93,1461,1500,4,1,2,311,181,574,1
47,1521,1500,2,1,2,315,4,1472,0
89,1949,2225,6,1,2,19,72,1137,1
7,1156,1157,3,0,1,19,171,661,1
124,1676,2003,5,3,0,248,248,1378,1
101,1908,1498,6,1,2,19,216,1039,1
46,1046,1030,3,2,0,19,81,125,1
52,1930,1867,8,3,0,19,108,1333,1
90,1616,1776,7,3,0,37,120,1214,1
41,1337,1337,3,3,2,19,191,635,1
26,1340,1353,3,3,0,26,171,650,1
46,1654,1638,3,1,0,37,152,371,1
122,1366,1644,5,0,1,19,240,1008,1
66,1773,1821,4,2,0,102,72,1143,0
86,1391,1472,4,3,0,113,95,1223,1
17,1970,1710,6,3,2,19,212,1052,0
60,1543,1518,1,3,0,102,0,1433,1
119,1949,1562,7,0,1,19,175,78,0
113,1563,1445,7,2,2,187,197,295,0
56,1507,1512,3,3,0,236,152,359,1
97,1559,1557,3,1,2,19,152,352,1
66,1739,1713,7,2,0,312,197,297,1
78,1610,1895,2,1,0,19,36,433,1
102,1206,1132,1,1,0,104,0,1433,1
20,1493,1781,4,3,0,19,78,652,0
12,1758,1815,6,3,0,19,201,503,1
47,1366,1420,3,1,2,110,36,291,1
59,2060,1792,7,3,2,311,83,121,1
145,1474,1607,6,1,2,315,213,1121,0
89,1579,1565,4,1,2,19,72,1141,1
42,1463,1432,1,3,2,19,0,677,1
91,1713,1573,4,3,2,315,175,68,1
11,1315,1205,2,1,2,19,71,745,1
97,1456,1789,3,0,1,19,152,371,1
99,1619,1501,3,2,2,358,78,810,1
21,1289,1500,5,2,2,315,192,785,0
56,1418,1461,3,3,0,19,239,977,1
51,1589,1536,2,3,2,19,4,1471,0
43,2081,2243,2,3,2,368,78,809,1
135,1719,1677,4,1,2,110,192,784,1
53,1640,1881,4,3,2,19,264,874,1
96,1528,1458,4,3,0,19,175,68,1
37,1711,1209,4,3,2,377,175,68,1
32,1393,1487,6,3,2,28,179,1445,0
52,1879,2183,5,3,0,19,184,544,1
31,1330,1500,3,3,2,236,191,635,0
17,1848,1869,4,3,2,211,108,1251,0
51,1709,1703,1,3,2,19,0,434,1
74,1826,1970,3,3,0,28,91,1351,1
36,963,1500,3,3,0,329,78,810,0
47,1998,1358,5,3,2,189,192,783,1
84,1331,1434,3,1,0,361,174,67,1
43,1704,1775,7,3,2,19,199,304,1
48,1890,1957,8,3,2,19,81,115,1
10,1277,1464,7,0,1,70,219,1074,0
73,1420,1571,9,3,2,300,220,1081,0
118,1552,1648,9,3,0,104,268,888,1
121,1238,885,1,1,2,188,0,1433,1
47,2202,1965,3,3,2,361,152,359,1
57,1937,1792,3,3,2,19,7,585,1
94,1721,1754,4,1,0,19,117,1194,1
34,1862,1556,6,1,0,19,201,503,1
40,1444,1491,2,1,0,298,3,62,1
77,1635,1599,5,0,1,19,192,783,1
39,1943,1815,2,3,2,19,36,826,1
49,1301,1571,3,1,2,236,90,1208,0
11,1498,1509,2,3,2,19,72,1125,1
29,1773,1366,3,3,2,315,172,164,1
57,1832,1808,1,1,2,19,1,734,1
50,1340,1420,4,3,2,171,171,662,1
27,1500,901,2,3,2,288,72,1125,0
57,2210,1943,6,3,2,361,32,275,0
64,1988,2095,8,3,0,19,196,1166,1
53,1960,2000,2,3,2,19,4,1459,1
104,1576,1600,8,3,0,28,108,1252,0
49,1906,1928,7,3,2,108,196,1150,1
77,2135,1602,1,3,2,19,2,61,1
75,1401,1477,6,0,1,374,162,365,1
76,1515,1855,1,3,0,102,0,1433,1
49,1346,1552,4,1,2,19,191,665,1
47,1631,1677,8,3,0,236,202,480,1
81,1094,1144,4,1,2,108,176,1448,1
54,1695,1688,5,1,0,19,241,976,1
73,1976,1845,3,1,2,315,152,351,1
90,1512,1581,8,1,0,19,196,1154,1
86,1540,1505,2,3,0,187,39,766,1
53,1680,1799,4,3,0,19,99,1324,1
27,1492,1456,5,1,2,368,191,670,1
111,1383,1498,4,1,2,19,171,662,1
16,1730,1877,8,3,0,248,101,1282,1
29,1580,1590,5,3,2,19,195,659,1
12,1681,1914,4,3,0,19,117,1194,1
139,1736,1893,2,0,1,19,39,766,1
103,1729,2008,7,0,1,19,101,1327,1
48,1429,1432,2,3,0,108,77,682,1
30,1518,1371,6,3,2,361,192,797,1
36,1727,1825,3,3,0,102,152,351,1
26,1471,1935,2,3,0,315,152,311,1
49,1500,1486,4,1,2,370,191,643,0
89,1577,1559,3,3,2,19,174,67,1
136,2046,2011,2,2,0,19,36,433,1
52,1516,1905,2,1,0,19,37,960,1
90,1565,1947,3,1,0,19,90,1208,1
37,1845,1507,1,3,2,311,36,960,1
89,1359,1532,3,1,2,19,171,661,1
60,1285,1598,3,1,0,19,178,1434,1
107,1833,1719,4,3,2,108,9,1007,1
44,1416,1585,2,3,2,19,90,1194,1
7,1573,1403,2,2,2,19,77,682,1
60,1688,1935,8,1,0,103,192,789,1
30,1789,1607,4,3,0,253,96,1257,1
49,1792,1665,5,3,2,113,243,968,1
27,1425,1099,4,3,2,108,71,748,1
27,1431,1320,6,3,2,37,246,938,1
41,1617,1343,5,3,2,19,192,785,1
65,1392,1168,2,1,2,18,71,104,0
20,1545,1714,3,3,0,234,152,352,1
93,1455,971,2,3,2,102,36,214,1
49,1419,1544,2,2,2,19,19,247,1
60,1072,1625,1,1,0,203,0,677,1
38,1807,1862,9,3,0,19,204,467,0
17,1742,1321,6,1,2,187,206,463,1
71,1609,1880,4,3,2,19,99,1324,1
67,1567,1500,8,3,2,102,208,519,1
31,1511,1602,3,3,2,341,78,810,1
58,1655,2130,5,3,0,19,342,611,1
31,1800,1842,4,1,2,315,152,1002,1
61,2191,1599,5,1,2,56,241,976,1
111,1503,1146,3,3,2,19,41,453,1
113,1174,1210,2,3,2,311,152,311,1
106,2150,2171,2,3,0,361,36,682,1
71,1864,1398,3,3,0,19,91,1351,1
29,1352,1408,4,3,2,311,241,967,0
31,1684,1553,6,3,2,37,187,558,1
17,1700,1621,8,3,2,41,196,1154,1
70,1285,1812,5,1,0,19,44,674,0
81,1500,1814,8,3,2,377,13,221,1
53,1473,1587,6,3,2,236,221,1036,1
47,1307,1382,4,1,2,28,241,967,1
56,1533,1593,7,3,2,236,246,939,1
54,1462,1249,4,3,0,236,195,637,1
16,1730,1882,4,3,0,19,99,1324,1
11,1309,1314,5,3,2,19,181,577,1
44,1500,1404,2,3,0,54,72,1125,1
15,1678,1148,10,1,2,31,172,185,1
105,1397,1394,6,2,2,19,343,593,1
58,1678,1565,2,3,0,110,77,682,1
35,1174,1385,4,3,0,108,245,943,1
73,1779,1315,2,1,2,19,36,433,1
74,1786,1736,7,3,0,311,195,1167,0
13,1871,1098,7,3,2,19,206,522,1
15,1321,1393,7,1,2,202,101,1327,1
36,1528,1594,6,3,0,203,72,1137,0
52,1641,2011,5,3,0,108,153,343,1
17,1467,1372,6,3,2,19,215,1054,1
86,1776,1735,7,3,0,19,84,147,1
91,1404,1013,2,3,2,361,90,1194,1
14,1500,1313,2,3,2,19,39,766,0
66,1730,1859,5,3,0,19,83,117,1
96,1910,1849,7,3,0,31,268,886,1
86,1500,1500,4,2,0,19,152,1002,1
71,1795,1712,10,1,2,102,55,58,1
53,1831,1799,6,1,2,31,154,315,1
78,1198,1316,6,1,0,211,195,844,1
69,1533,1586,1,1,2,104,0,1427,1
40,1363,1418,7,3,0,19,196,1150,1
51,1744,1174,2,1,2,248,19,247,1
52,1301,1571,2,3,0,236,90,1194,0
75,1893,1897,8,3,2,19,38,684,1
86,1624,1504,4,3,0,315,192,784,1
28,1580,1500,5,3,0,102,258,868,0
48,1607,1543,5,1,0,117,83,117,1
73,1671,1560,2,3,0,19,81,111,1
17,1589,1255,5,1,2,19,192,785,0
29,1650,1585,6,3,0,19,213,1121,1
92,2182,2184,6,3,0,37,265,1178,1
31,1600,1631,7,3,2,376,101,1327,0
56,1719,1710,6,3,0,19,211,1108,1
23,1494,1589,3,3,2,102,20,258,1
52,1764,1711,5,1,0,104,258,868,1
87,1480,1349,6,3,2,363,211,1072,1
124,1648,1552,3,3,0,316,6,765,1
130,1272,1186,1,0,1,167,0,537,0
2,1055,1280,1,3,0,124,0,1433,1
42,973,1173,1,3,0,19,0,1433,1
69,2340,1857,4,1,2,19,241,965,1
33,1430,1492,3,1,2,19,90,1208,0
33,1539,1844,9,3,2,108,271,908,0
98,1633,1581,5,3,0,19,192,785,1
53,1839,1805,5,3,2,315,182,578,1
93,1129,1052,5,1,2,19,342,444,1
59,2298,2146,8,3,2,377,88,126,1
57,1710,1777,3,3,2,350,90,1370,1
21,1200,1257,3,3,2,19,152,351,1
16,1622,1765,3,2,0,102,181,540,1
48,1408,1577,6,1,0,236,206,463,1
124,1283,1267,5,1,0,361,99,1314,0
25,1151,1578,9,3,0,253,239,92,1
11,1681,1571,4,3,2,199,245,943,1
43,1407,1620,4,3,2,37,72,1143,1
77,1369,1508,2,3,0,19,4,1459,1
90,1133,1461,3,3,0,102,90,1208,0
39,1210,1112,2,1,2,19,71,407,1
3,1658,1240,3,2,2,311,191,635,0
67,1702,1946,3,3,0,19,239,977,1
60,1130,1383,6,1,0,19,185,550,1
109,2214,2286,2,0,1,248,3,62,1
40,1532,1514,3,3,0,19,71,137,1
57,2105,1806,6,1,2,311,268,903,1
86,1524,1567,3,2,0,311,90,1208,1
71,1392,1373,6,3,2,19,206,463,1
39,2213,1860,3,1,2,19,152,359,1
73,1776,1499,3,1,2,19,241,992,1
43,1758,1702,4,3,2,19,241,967,1
52,1780,1656,7,3,0,311,192,790,1
63,1626,1862,2,3,0,19,1,738,1
31,1360,1332,5,3,2,31,71,756,1
46,1455,2264,7,3,0,102,83,120,1
63,1500,1621,7,3,2,108,83,123,0
40,2126,2221,8,3,0,311,198,302,1
124,2127,2218,2,3,0,311,41,443,1
137,2070,1975,8,0,1,238,101,1247,1
39,1370,1500,5,1,2,236,192,783,0
50,1289,1275,1,3,0,187,0,827,1
6,1104,1228,2,3,2,108,19,247,0
89,1947,1701,8,1,2,264,266,1412,0
33,1831,1810,3,1,2,315,171,650,1
97,1780,1677,4,3,2,19,152,1002,1
95,1764,1919,4,1,2,21,191,643,1
36,1913,2020,2,3,0,19,152,311,1
113,1589,1694,7,3,0,19,196,1150,1
96,1211,2025,6,1,0,103,243,969,1
51,1336,1468,8,3,2,187,201,297,1
55,1709,1384,2,3,0,197,71,774,0
16,1393,1539,6,3,0,108,206,463,1
71,1600,1300,6,1,2,19,173,172,1
59,1595,1411,10,1,2,65,154,316,1
55,2108,1623,5,1,2,315,192,785,1
115,1488,1437,3,2,2,19,152,352,1
54,1705,1719,6,3,0,19,213,1121,1
73,1258,1362,3,1,2,108,93,1219,1
11,1681,1738,3,3,2,138,93,1219,1
122,1584,1504,4,1,0,37,195,637,0
43,1758,1702,4,3,2,19,241,967,1
60,1325,1499,2,3,0,361,36,433,1
54,1604,1380,5,3,2,378,192,783,1
84,1548,1601,6,3,0,108,319,704,1
65,1884,1815,6,3,2,19,71,763,1
32,2073,1890,9,3,0,104,53,43,1
11,1252,1348,3,1,2,19,174,67,1
34,1415,1734,3,3,2,248,90,1208,1
72,1829,1707,2,3,0,102,36,682,1
56,1738,1717,5,3,0,19,117,1224,1
117,1686,1400,7,1,2,19,196,1150,1
61,1663,1500,4,1,2,187,239,978,0
58,1499,1526,3,1,0,19,174,67,1
60,1215,1485,3,3,0,377,90,1370,1
50,1913,1147,1,3,2,102,0,404,0
51,1641,1777,5,1,2,311,71,759,1
30,1514,1524,8,3,0,108,204,465,0
73,2028,1981,2,3,2,344,28,269,1
57,1493,1473,3,1,2,19,152,359,1
129,1437,1645,1,3,2,303,0,404,1
46,1736,1697,4,1,0,102,175,68,1
78,1146,1355,5,1,0,31,195,1150,1
52,1358,1420,5,1,0,19,193,1035,1
96,1506,1970,3,1,0,19,171,661,0
30,1629,1645,6,1,0,314,213,1121,1
53,1406,1224,9,2,2,19,86,124,1
83,1226,1293,4,1,2,19,175,68,1
110,1500,1493,3,1,0,248,90,1370,0
65,1500,1689,5,1,2,315,108,1225,1
103,2283,2358,4,0,1,248,93,1217,1
101,1617,1666,1,3,2,19,0,1433,1
96,2068,1500,4,3,0,19,264,874,0
62,1486,1391,5,2,0,361,42,1452,1
69,1703,1677,4,3,0,104,77,1010,0
145,1964,1818,10,2,1,102,162,367,1
60,1510,1564,2,3,0,361,4,1465,1
100,1519,1749,4,0,1,19,117,1194,0
88,1704,1685,4,1,0,104,175,68,1
40,1923,1887,6,3,0,315,192,791,1
47,1636,1364,4,1,2,117,72,1141,1
130,1128,2177,2,1,0,388,0,442,0
59,1672,1701,3,3,2,19,91,1351,1
44,1320,1559,4,1,0,19,1,741,1
96,1585,1616,3,3,0,352,6,765,1
111,1347,1186,7,1,2,19,197,297,1
61,1835,1396,7,3,2,88,192,790,0
59,1507,1399,2,3,0,19,36,283,1
53,1500,1174,6,3,0,325,195,844,0
34,1497,1521,2,1,0,37,71,774,1
50,1136,1383,1,3,0,147,0,677,0
79,1775,1791,4,2,2,311,108,1251,1
83,1803,1874,10,2,2,19,144,1296,1
134,1910,2060,8,3,0,19,159,375,1
27,1336,1190,2,1,2,108,36,682,0
68,1458,1509,1,3,2,358,0,1124,1
69,1461,1338,5,1,2,19,239,995,1
91,1902,1789,6,3,2,19,52,34,1
67,1914,1897,8,3,2,19,217,1045,1
59,1318,1400,2,3,2,19,71,774,0
53,1617,2024,9,3,2,19,226,1105,1
47,1592,1542,6,1,2,102,195,1160,1
37,1646,1649,6,3,0,117,213,1121,0
30,1715,1651,7,1,0,223,83,121,1
49,1724,1958,5,2,2,361,39,48,1
64,1299,1647,3,1,0,19,90,1208,1
48,1298,1801,3,3,0,360,152,351,1
73,1557,1614,9,3,2,108,189,553,1
57,1158,1155,7,1,2,19,192,790,1
70,1328,1467,6,1,0,102,216,1039,1
45,1253,1620,6,1,2,19,192,791,1
84,1525,1628,5,3,0,19,44,674,1
34,1253,1236,3,3,0,236,171,655,0
11,1510,1208,1,3,2,19,0,1433,1
86,1442,1563,3,1,0,19,96,1194,1
66,1236,1618,3,3,0,322,81,125,1
41,1826,1648,2,3,2,19,36,682,0
24,1061,1133,3,2,0,188,171,650,1
43,1386,1279,1,0,1,19,0,434,1
2,1761,1579,2,2,0,19,90,1194,0
70,1200,1200,4,3,0,54,174,75,0
74,1500,1317,3,3,0,315,152,359,0
65,1343,1376,4,1,2,187,1,741,0
18,1244,1263,4,3,0,19,193,777,1
23,1645,1568,5,3,2,357,192,783,1
72,1895,1919,4,3,0,361,99,1324,1
77,1854,1730,7,3,0,315,196,1150,1
78,1496,1525,2,3,0,361,0,840,1
37,1911,1894,1,0,1,19,2,61,1
37,1693,1500,3,1,2,38,239,977,0
71,1853,1525,3,1,2,19,6,765,1
48,1142,1138,6,3,2,108,193,779,1
35,1935,1631,7,3,2,19,196,1150,1
38,1849,1389,5,3,2,19,195,1150,0
46,1424,1395,6,0,1,19,216,1039,1
59,1900,1647,9,3,2,26,227,1087,1
16,1752,1519,3,3,2,350,152,351,0
126,1622,1514,3,0,1,350,239,967,1
57,2264,1841,5,1,2,187,241,976,0
41,1773,1786,5,3,2,311,193,1035,1
51,1936,2001,6,0,1,19,246,938,1
35,1189,1164,4,0,1,19,73,17,1
70,1812,1852,3,1,0,19,241,992,0
63,1482,1525,5,2,2,31,193,778,1
90,1534,1740,3,1,0,20,152,363,1
53,1421,1430,5,3,2,19,108,1271,1
47,1410,1300,2,1,2,108,71,774,1
71,1877,1792,4,1,2,19,117,1194,1
20,1253,1539,2,3,0,108,90,1194,1
99,1646,1833,8,3,2,19,101,1255,1
46,1231,1177,3,3,0,361,171,655,1
60,2011,1865,3,1,0,19,241,992,1
32,1342,1792,9,3,0,19,201,494,1
78,1492,1646,3,1,0,298,19,255,1
113,1750,1755,4,3,2,108,191,643,1
37,1890,1866,2,3,0,108,11,243,1
125,1848,2264,4,3,2,26,72,1143,1
86,1511,1500,3,2,0,303,171,661,1
62,1417,1417,2,3,0,108,90,1194,1
27,1987,1568,7,3,0,29,193,780,0
39,1581,1495,3,3,2,200,239,962,1
19,2294,1319,7,1,2,19,196,1150,0
2,1633,1287,2,2,0,26,171,639,1
65,1239,1064,5,1,2,323,192,785,1
35,1385,1362,5,1,2,196,192,785,1
68,2211,1637,4,3,0,19,41,455,1
92,1876,1869,7,3,0,393,204,466,1
95,2116,2252,8,1,2,19,326,710,1
82,2025,2040,6,3,0,344,72,1146,1
79,1708,1548,2,3,2,19,78,809,1
33,1770,1872,3,3,2,19,241,992,1
62,1828,1801,5,3,0,19,71,752,1
97,1213,1813,2,1,2,19,36,433,1
30,1368,1184,5,3,0,37,195,843,1
71,1435,1164,7,2,2,19,201,492,0
73,1847,1707,5,3,2,102,192,783,1
29,1523,1375,7,3,0,19,197,297,1
29,1699,1497,2,2,2,311,11,243,1
82,1697,1776,5,1,0,102,0,841,0
58,1510,1480,6,3,0,128,212,1052,1
78,1500,1535,4,3,2,32,16,224,0
51,1500,1410,6,3,2,95,72,1137,0
54,1825,1869,3,3,0,107,152,352,1
74,1606,1645,3,2,0,108,90,1208,1
2,1646,1696,2,0,1,158,41,443,1
36,1578,1603,9,3,0,117,111,1263,1
75,1500,1372,2,3,2,102,4,1471,0
81,1500,1018,6,3,2,19,213,1121,0
74,1513,1605,5,3,0,19,193,1035,0
66,1112,1368,3,1,0,21,152,351,1
86,1232,1307,2,1,0,359,72,1125,1
39,1767,1424,5,1,2,359,248,1378,1
102,1280,1341,3,1,0,37,241,992,0
39,1569,1569,2,1,2,215,1,735,1
113,1597,1134,8,3,2,189,201,495,1
104,1550,1372,8,1,0,108,208,519,1
83,1669,1663,2,3,2,224,4,1458,1
41,2247,2094,6,1,2,311,90,1374,1
78,1458,1404,9,1,0,19,74,5,1
50,1500,1406,4,3,0,41,195,637,1
117,1897,1730,4,2,2,361,241,980,1
62,1110,1292,1,1,0,19,0,1433,1
80,1614,1831,8,1,0,67,201,495,0
104,1904,1812,6,1,0,19,82,154,1
58,1133,1500,3,1,0,19,171,847,0
120,1600,2015,2,3,0,19,77,682,1
66,1714,1676,4,1,0,31,72,1141,1
129,1779,1731,5,2,2,19,18,267,1
38,1726,1653,5,3,0,19,38,1258,0
21,1569,1189,9,1,2,350,206,524,1
74,1035,1703,7,3,0,309,173,173,1
54,1653,1176,3,3,0,37,171,282,0
35,1997,1631,4,3,2,102,152,1002,1
47,1406,1278,6,1,2,298,246,937,0
10,1414,1159,4,0,1,26,77,1010,1
71,1467,1267,3,3,2,317,171,654,1
68,1719,1737,5,1,0,361,211,1036,1
41,1383,1410,4,3,2,108,45,209,1
112,1460,1427,2,2,0,19,41,443,1
28,1139,1104,5,1,0,108,195,1150,1
74,1712,1848,4,3,0,19,99,1324,1
87,1728,1576,6,2,2,19,49,773,1
26,1189,1298,5,3,0,315,243,968,1
41,1703,1484,5,2,2,108,153,343,1
33,1558,1551,4,3,2,19,72,1141,1
40,1904,2020,4,1,0,253,99,1324,0
61,1704,1523,3,3,2,315,239,962,1
75,2043,1898,4,3,2,104,36,213,1
53,2008,1735,10,2,2,19,355,627,1
39,1770,1249,5,1,2,19,258,868,1
21,1821,1832,5,3,2,211,84,134,0
96,1878,1724,7,3,0,19,253,1399,1
29,1610,1427,5,3,2,19,101,1325,1
49,1538,1543,3,1,2,19,178,1434,1
19,2134,1667,8,3,2,104,196,1158,1
47,1598,1451,5,3,2,203,98,1312,1
51,1311,1360,4,3,2,19,172,642,0
42,2018,1812,4,3,0,361,21,261,0
61,1433,1421,1,3,2,19,0,1124,1
30,1318,1448,10,3,0,19,208,517,1
55,1808,1191,1,1,2,158,0,1433,0
38,2020,1846,6,3,0,19,172,188,1
27,1405,1437,3,3,2,19,239,967,1
71,1958,1867,2,0,1,248,41,443,1
114,1693,1621,4,0,1,19,343,460,1
41,1500,1034,5,3,2,19,71,752,0
77,1803,1574,6,1,2,102,211,1123,1
84,1530,1561,3,3,0,19,152,351,1
48,1653,1889,6,3,0,19,72,1137,1
75,1559,1500,2,2,2,19,71,190,0
25,1500,1149,3,1,2,19,174,67,1
108,1720,1566,4,1,0,19,191,653,1
94,1755,1717,5,1,0,19,201,462,1
63,2267,2022,1,1,2,374,0,1124,1
92,1155,1125,4,3,0,19,193,777,1
59,1500,1802,7,3,2,313,244,178,0
43,1633,1591,5,3,2,20,342,611,1
31,1500,1524,4,0,1,102,246,935,1
105,1790,1734,6,3,2,31,259,869,1
47,1383,1307,4,1,2,19,191,210,1
81,1710,1972,1,1,2,187,0,1427,1
73,1500,1428,3,1,2,102,6,1473,0
48,1729,1564,1,3,2,108,36,960,1
47,1552,1283,9,0,1,102,103,1201,1
50,1438,1497,2,1,0,311,77,682,1
65,1955,1942,10,1,2,19,208,517,1
47,1662,1663,3,1,2,225,90,1208,1
25,1795,1635,6,1,2,187,206,514,1
90,1801,2189,3,1,0,19,91,1351,1
29,1975,1750,10,0,1,136,219,1079,1
104,1408,1374,2,1,0,40,36,433,1
24,1542,1533,5,3,0,102,195,1150,1
75,1940,2045,9,3,2,19,276,1182,1
52,1509,1609,5,3,0,19,241,976,1
85,1558,1588,3,3,2,102,171,661,1
64,1537,1805,2,3,0,315,36,433,1
41,1600,1609,7,3,2,21,216,1038,0
40,1499,1800,2,3,0,304,41,443,1
33,1791,1500,4,1,2,311,245,943,0
61,1627,1661,3,3,2,104,90,1208,1
36,1640,1692,1,3,2,102,1,734,1
75,1253,1196,6,1,2,19,258,856,1
62,1892,1809,7,3,0,19,83,121,1
84,1810,1575,9,3,0,19,272,911,1
21,1987,1568,7,1,2,102,193,1023,0
55,1368,1754,8,3,0,19,250,1395,1
42,1308,1337,2,3,0,361,36,214,1
65,1500,1500,8,3,2,19,221,1092,0
57,1352,1541,3,3,2,374,239,962,1
35,1670,1542,3,3,2,236,174,67,1
50,1173,1410,3,2,0,108,90,1370,1
35,1580,1492,3,3,0,236,152,352,1
30,1512,1254,3,3,2,324,152,359,1
63,2040,1981,10,3,2,374,108,1334,1
58,1335,1233,6,1,0,108,319,704,1
37,1500,1416,10,1,2,37,227,1100,0
102,2013,2274,3,3,0,19,16,234,1
63,1976,1988,10,3,2,355,108,1334,1
21,1668,1360,5,1,2,128,78,807,1
80,1747,1588,4,2,0,19,245,930,1
95,1443,1219,2,1,2,374,77,682,1
2,1491,2318,2,2,0,3,1,735,1
49,1832,1696,4,3,2,37,78,998,1
100,1508,1567,3,1,0,19,152,352,1
113,1731,1675,3,3,2,54,92,1202,1
99,1119,1175,1,2,2,31,2,61,1
101,1394,1442,5,1,2,19,211,1036,1
42,1362,1449,3,1,0,41,171,661,1
76,1545,1684,6,2,0,31,201,499,1
38,1704,1689,4,1,0,363,248,1377,1
53,1497,1141,3,1,2,19,6,1473,1
76,1575,1516,10,3,0,19,355,627,1
53,2000,1707,5,3,2,361,248,1387,0
62,1757,1877,3,3,0,19,92,1202,1
44,1606,1571,4,2,0,19,241,967,1
30,2012,1934,6,3,0,19,159,383,1
133,1520,1637,7,0,1,361,196,1150,1
77,1954,1899,2,3,2,295,10,245,1
26,1652,1120,2,0,1,21,41,443,0
68,1257,991,3,1,0,315,239,962,0
44,1876,1919,10,1,0,19,127,1227,1
142,1099,1115,2,1,0,19,77,682,0
89,1538,1660,6,3,2,102,108,1253,1
88,1548,1540,5,3,0,234,201,462,1
17,1252,1387,1,3,2,298,36,960,1
26,1353,1542,6,3,0,102,72,1135,1
28,1967,1500,2,3,2,295,4,1472,1
22,1607,1519,7,3,0,19,154,325,1
42,1805,1758,2,3,0,19,61,191,1
54,1957,2174,7,3,0,14,270,921,1
83,1629,1476,4,3,0,19,241,974,1
93,1508,1403,2,2,2,314,36,433,0
59,1140,1117,3,2,2,19,152,352,1
57,1500,1501,1,3,2,19,0,434,0
130,1228,1732,3,1,0,19,171,661,1
138,1663,1909,5,0,1,19,248,1378,1
27,999,967,4,3,0,315,191,645,1
92,1375,1473,3,1,0,350,152,352,0
30,1759,1719,2,1,0,19,37,960,1
53,2170,1510,8,1,2,102,192,787,0
51,2025,2146,5,3,2,219,77,695,1
80,1200,1670,2,3,0,117,239,961,1
80,1178,1132,2,3,0,41,73,0,1
30,2130,2103,10,1,0,199,208,535,1
28,1549,1504,4,3,0,298,82,111,1
141,1976,1987,4,3,2,355,195,637,1
38,1730,1473,8,1,0,117,208,519,1
29,1257,1091,4,1,2,19,191,210,1
74,1563,1431,6,3,2,58,78,996,1
44,1577,1714,2,1,0,390,152,311,1
136,2054,1683,1,1,0,19,0,434,1
57,1982,2042,4,3,0,361,99,1324,1
115,1196,1112,4,1,2,370,192,784,1
14,1279,1720,1,3,0,380,1,734,1
100,1381,1460,3,1,0,187,92,1202,1
57,1500,1574,3,3,2,329,91,1351,0
67,1175,1121,5,1,2,19,193,1034,1
20,1240,1297,7,3,0,28,219,1074,1
99,1788,1868,4,1,2,19,0,436,1
31,1729,1012,10,3,2,37,5,591,1
53,1397,1183,2,3,2,374,36,682,1
131,2273,2138,1,1,2,19,0,1124,1
65,1829,1777,4,3,2,19,71,764,1
46,1400,1476,2,3,2,104,4,1456,0
111,1692,1747,5,1,2,19,1,742,0
88,1353,1288,4,3,0,377,239,963,1
61,1903,1302,3,3,2,311,241,992,1
9,1513,1501,4,3,0,374,245,943,0
31,1877,1940,9,3,0,102,153,345,1
69,1783,1450,4,1,2,377,117,1194,1
45,1594,1631,8,1,2,102,199,306,0
8,1631,1547,2,3,0,19,36,214,1
17,1733,1226,4,1,2,104,171,662,1
18,1515,1400,2,3,0,19,71,774,0
122,1666,1701,10,0,1,223,85,146,1
49,1963,1837,6,3,2,19,191,212,1
30,2081,2096,4,2,0,314,99,1324,1
118,1474,1839,5,3,0,19,201,462,1
39,1562,1582,6,3,2,19,74,0,1
52,1348,1725,6,3,0,19,121,1195,1
22,1155,1484,4,3,0,54,72,1141,1
48,1076,1373,5,1,0,316,153,343,0
17,1749,1700,2,3,2,329,72,1125,1
77,1920,1575,5,1,2,361,84,134,1
33,2029,2040,7,3,2,19,295,422,1
78,1257,991,5,1,0,117,240,1008,0
59,1500,1500,3,3,2,236,239,967,0
51,1666,1553,2,3,2,19,15,225,1
56,1242,1216,9,1,0,150,335,706,1
69,1631,1684,4,3,0,19,117,1194,1
66,1277,1550,2,3,0,311,71,1404,1
80,1271,1279,6,1,0,102,195,844,1
53,1466,1532,4,1,2,19,241,965,1
35,1480,1494,10,3,2,109,144,1296,1
106,1653,1568,3,1,0,19,90,1208,1
61,2022,1877,5,3,2,315,185,556,1
38,1735,1760,2,2,0,37,36,214,1
74,1650,1699,4,3,0,295,99,1324,1
48,1556,1539,3,3,0,236,239,977,1
38,1731,1875,3,1,0,361,152,359,1
52,1559,1623,6,3,0,19,101,1250,1
27,1591,1348,3,2,2,321,174,67,1
116,1643,1722,5,2,0,19,193,1034,1
32,1801,1976,5,3,0,19,66,202,1
6,1500,1628,1,1,0,236,0,434,0
64,1173,1718,4,1,0,350,152,310,1
86,1285,1309,4,2,0,19,191,645,1
33,1691,1630,8,3,2,41,196,1154,1
38,1730,1473,8,1,0,117,208,519,1
61,1461,1316,4,3,2,19,72,1141,1
55,1837,1823,7,1,2,19,101,1327,1
20,1787,1074,6,3,0,315,248,1379,1
92,1867,1883,8,3,0,117,196,1154,1
72,1629,1921,8,3,0,19,105,1196,1
125,1804,1895,4,3,0,19,152,1002,1
106,1730,1694,4,1,0,31,99,1324,1
49,1642,1541,8,3,2,20,217,1045,1
53,1839,1765,5,1,2,108,83,117,1
47,1904,1841,2,1,2,19,71,774,1
82,1698,1753,4,3,2,19,82,111,1
127,1381,1372,2,1,2,350,77,682,0
65,1950,1500,2,0,1,21,6,1003,0
97,1740,1920,10,1,2,19,335,723,1
71,1849,1752,2,1,2,248,19,247,1
36,1523,1571,3,3,0,19,81,125,1
34,1554,1494,2,3,0,361,152,311,1
36,1351,1374,7,3,2,19,197,297,1
57,1288,1257,4,1,2,19,171,662,1
41,1425,1371,2,3,2,19,71,774,1
51,1718,1345,4,1,2,19,71,430,1
45,1332,1708,3,3,2,102,90,1209,0
55,1874,2103,9,3,2,19,193,1030,0
89,1971,1965,4,1,2,19,77,1010,1
36,1954,1938,10,3,2,102,219,1079,1
15,1486,1450,4,3,2,108,78,998,1
36,1690,1690,3,3,2,104,239,977,1
62,1906,2058,7,1,0,37,204,466,1
86,1613,1891,3,1,0,19,90,1370,1
54,1135,1366,4,3,0,315,241,965,1
107,1712,1714,7,2,2,187,196,1150,0
80,1340,1567,2,1,0,102,4,1459,1
43,1566,1529,2,3,2,361,19,247,1
63,1621,1268,5,3,2,38,153,343,1
76,1529,1247,2,3,0,19,81,111,1
33,1790,2034,6,3,2,104,162,357,1
56,1627,1816,6,0,1,102,185,564,1
102,1518,1458,8,3,0,19,221,1092,1
82,1673,1603,2,2,0,19,73,0,1
40,1563,1469,3,3,0,236,152,359,1
78,1593,1654,6,2,0,19,201,405,1
57,2154,2084,2,3,2,19,4,1466,1
29,1457,1327,3,3,2,315,171,650,1
115,1932,1831,5,2,2,19,342,611,1
92,2232,2272,8,3,0,295,201,495,1
71,1613,1506,5,3,2,253,195,1150,1
28,1211,1280,3,1,0,102,0,180,0
45,1639,1807,2,1,2,21,19,247,1
115,1015,1818,4,1,2,311,93,1217,0
27,2084,1517,9,1,2,19,310,161,1
54,1709,1610,2,1,0,348,36,433,1
39,1589,1299,3,1,2,390,174,67,1
56,1552,1530,2,3,0,19,10,238,1
10,1675,1500,1,3,0,19,0,409,0
16,1455,1427,5,3,2,108,154,314,1
109,1227,1191,7,1,2,114,197,297,1
60,1614,1238,5,1,0,19,241,976,1
141,1976,1987,4,3,2,355,195,637,1
51,1714,1489,6,3,2,19,72,1137,1
102,1724,1847,3,2,0,19,152,359,1
55,1870,1531,3,3,2,261,71,137,1
131,1552,1491,3,0,1,19,171,654,1
66,1806,1289,5,3,0,350,195,1150,0
26,1268,1341,4,3,0,311,241,967,1
127,1451,1414,4,3,0,187,117,1194,1
23,1302,1248,4,3,0,110,245,943,0
51,1428,1544,3,2,2,19,90,1370,1
30,1320,1365,1,3,2,102,0,1427,0
13,1653,1038,4,3,2,311,195,637,0
47,1198,1571,1,1,2,47,36,960,1
51,1909,1887,10,3,2,19,86,152,1
118,1557,1849,7,1,0,108,270,921,1
39,1500,1041,4,1,2,19,36,288,1
32,1364,1609,3,1,0,236,239,962,1
106,1905,1898,5,3,0,311,99,1314,1
31,1424,1280,1,1,2,311,0,434,1
47,2287,2335,2,3,2,311,36,433,1
52,1984,1857,8,3,0,381,123,1290,1
104,1669,1810,4,3,0,248,99,1324,1
35,2155,1361,2,1,2,19,36,682,0
86,1746,1870,5,2,0,19,42,449,1
90,1501,1500,5,3,0,19,192,785,0
30,1359,1359,2,3,0,102,36,679,0
79,1464,1500,4,1,2,384,78,652,0
66,1591,1834,3,3,0,43,171,661,1
122,1442,1454,3,0,1,187,90,1370,1
74,1769,1659,2,1,0,311,10,245,1
37,1801,1886,1,3,2,19,0,434,1
29,1525,1466,6,3,2,19,192,797,1
44,1298,1695,2,1,0,273,41,443,1
70,1375,1500,6,3,0,19,213,1121,1
18,1862,1416,5,2,0,315,78,807,0
82,1609,1657,2,3,0,19,13,217,0
88,1519,1604,7,0,1,350,268,886,1
33,1457,1395,6,3,2,19,100,1315,1
56,1560,1601,5,3,0,19,192,785,1
43,1796,1832,8,1,2,19,102,1325,1
19,1283,1668,3,3,0,19,91,1351,1
37,1584,1545,7,1,2,102,198,301,1
68,1922,1688,8,3,2,187,221,1092,1
68,1871,1774,9,3,0,107,321,731,1
132,1847,1809,7,1,0,19,249,1381,1
117,1993,1887,8,2,2,108,319,727,1
55,1779,1496,4,3,0,19,72,1143,1
33,1201,1389,5,3,0,374,99,1314,1
41,1577,1618,2,1,2,19,10,238,1
42,1442,1365,1,3,2,356,2,61,0
19,1479,1387,3,3,0,19,152,359,1
29,1913,1874,8,3,2,19,79,819,1
49,1994,2057,5,1,2,28,117,1375,1
54,2189,2167,6,3,0,110,319,704,1
80,1656,1729,4,3,0,110,245,943,1
33,1988,2010,2,3,2,19,4,1465,1
33,1728,1632,7,3,2,311,173,173,1
118,1713,1637,3,3,0,327,239,977,1
7,1245,906,3,2,2,102,152,363,1
30,1227,1312,2,1,0,19,72,1125,1
50,2036,1706,6,3,0,19,8,586,1
2,1765,1234,1,3,2,380,1,734,1
28,1500,1700,1,1,0,236,0,409,0
53,1825,1074,2,1,2,19,152,311,1
61,1339,1490,4,1,2,19,191,645,1
36,1350,1480,6,3,0,19,212,1052,0
33,1428,1507,4,0,1,377,192,784,1
20,1500,1595,2,3,0,298,72,1125,0
85,1663,1705,2,3,2,37,1,738,1
20,1512,1404,8,1,0,19,196,1154,1
43,1704,1731,10,3,2,102,228,1104,1
33,1612,1626,9,3,2,374,154,323,1
30,1345,1400,6,1,0,41,173,172,1
52,1681,1520,3,3,2,311,171,655,1
24,1319,1932,3,1,0,19,239,962,0
60,1492,1658,4,1,0,19,99,1324,1
112,1678,1395,2,1,0,211,81,111,1
20,1845,1949,6,3,0,41,186,548,1
38,1293,1466,5,1,0,108,192,785,0
7,1230,1170,3,1,2,352,71,137,1
128,1702,1649,8,1,0,197,173,166,1
52,1453,1611,4,3,0,19,245,943,1
52,1363,1623,5,3,0,120,153,343,1
63,1667,1352,4,1,2,19,82,111,1
81,1386,1268,6,1,2,108,173,172,1
65,1722,1727,4,1,2,19,72,1141,1
120,1812,1834,2,2,0,19,61,191,0
73,1897,1027,8,3,2,37,87,138,1
55,1291,1326,2,3,2,19,4,1471,1
47,1334,1428,4,3,2,117,307,448,1
83,1720,1406,5,3,2,259,71,760,1
35,1500,1480,3,3,2,19,239,962,0
85,1840,1732,4,1,2,238,171,71,1
55,1167,1176,4,3,2,362,172,642,1
39,1401,1354,5,3,2,19,74,1,1
66,1536,1550,7,1,0,21,154,322,0
59,1762,1580,6,3,2,26,186,548,1
89,1268,1316,6,3,2,19,201,405,1
55,1299,1400,3,3,0,324,241,992,1
89,1547,1625,3,3,0,19,92,1202,1
58,1275,1286,2,3,0,19,72,1125,1
121,1121,930,2,1,2,108,78,809,1
42,1450,1452,3,3,0,388,90,1370,1
118,1453,1482,3,3,2,19,6,1468,1
57,1545,1393,4,3,2,88,108,1251,1
81,1747,1692,6,0,1,21,211,1072,0
52,2202,1915,9,3,2,355,103,1201,1
97,1951,1513,5,3,2,19,248,1387,0
131,1586,1607,8,1,2,19,154,312,1
35,2264,1778,9,1,2,19,111,1263,0
55,1594,1608,4,3,2,19,264,874,1
85,2213,1900,8,3,2,19,72,1144,1
51,1676,1325,2,3,2,312,81,111,1
59,1730,1718,6,1,2,19,121,1195,1
78,1327,1490,3,1,0,102,152,371,1
58,1289,1415,1,1,0,360,0,1433,1
133,1208,1871,4,3,0,19,264,874,1
101,1912,1713,3,3,2,19,152,352,1
147,1536,1500,5,1,2,19,71,752,1
43,1604,1554,7,3,2,19,196,1150,1
30,1365,1708,4,3,0,19,72,1141,1
14,1387,1621,10,3,0,102,196,1163,1
74,1064,1144,1,2,0,19,0,1433,1
42,1538,1683,9,3,0,104,305,425,1
34,1802,1913,4,1,0,19,117,1194,1
69,1527,1648,6,3,2,19,192,786,1
53,1808,1916,6,3,2,19,52,55,0
80,1693,2287,3,1,0,19,73,11,1
39,1585,1501,5,3,2,19,258,868,0
56,1669,1481,2,1,0,19,36,433,1
126,1669,1792,2,3,0,31,77,682,1
29,1596,1229,7,3,2,359,206,522,1
17,1176,1398,2,3,2,311,71,745,0
53,1789,1843,5,3,2,360,41,1425,1
20,1501,1759,3,3,0,19,152,352,0
22,1873,1630,7,3,2,107,270,921,1
63,1588,1632,4,1,2,361,264,874,1
111,1466,1503,3,3,2,102,20,258,1
94,1945,1901,5,3,0,19,342,611,1
77,1476,1452,2,1,2,311,13,217,1
63,1663,1565,3,3,2,19,90,1208,1
47,1703,1366,4,3,2,229,4,1475,1
18,1452,1549,2,1,0,311,4,1456,1
120,1857,1938,8,2,0,19,105,1196,1
37,2146,1911,4,3,2,298,241,980,1
61,1820,1621,7,3,2,19,253,1399,1
42,1572,1544,4,2,0,19,72,1141,1
114,1424,1431,7,3,0,187,206,522,1
7,1329,1215,3,3,2,315,171,661,1
145,1936,1938,10,1,2,104,72,1133,1
47,1245,1284,6,1,2,19,36,680,1
138,1650,1597,4,2,0,19,191,653,1
113,1822,1992,5,2,2,361,201,462,1
13,1291,1368,4,3,2,187,171,662,1
17,1390,1339,3,3,2,102,239,962,0
73,1951,1475,5,3,2,19,258,868,0
43,1521,1543,5,1,2,350,258,870,1
41,1202,1009,1,3,0,161,36,960,0
57,2016,1839,5,2,2,19,81,153,1
98,1557,1823,4,0,1,225,175,68,1
42,1694,1771,8,3,0,102,201,495,1
100,1289,1372,5,0,1,187,192,783,1
67,1351,1424,2,2,2,108,78,809,1
75,1300,1375,4,1,2,350,191,643,0
42,1058,1249,2,3,0,19,72,1125,1
86,1853,1778,2,1,0,19,36,433,1
60,1524,1565,8,3,2,108,201,297,0
80,1615,1636,1,3,0,199,0,1433,1
41,1481,1734,3,3,2,102,90,1208,1
39,1365,1796,5,3,2,19,83,117,0
32,1362,1094,4,3,2,21,99,1324,1
13,2192,1609,6,3,2,82,195,844,0
73,1400,1028,2,1,2,104,4,1465,0
50,1526,1542,2,1,0,311,90,1194,1
72,1841,1937,2,3,0,19,90,1194,1
39,1372,1343,2,1,2,19,4,1465,1
67,1683,1717,5,3,2,19,192,785,1
35,1662,1528,6,3,2,19,185,557,1
34,1645,1885,3,3,0,19,90,1208,0
62,1828,2097,5,3,0,19,97,1323,1
59,1171,1432,7,1,2,19,27,249,1
40,1502,1469,2,3,0,19,13,217,1
88,1764,1590,4,1,0,303,117,1194,1
34,1621,1804,7,3,0,108,80,811,0
15,1500,1500,6,1,2,19,216,1039,0
53,1659,1561,4,3,2,215,77,1010,1
39,1499,1315,1,3,2,298,2,61,1
63,1945,1784,2,2,2,19,81,111,1
52,1561,1496,9,3,0,236,153,345,1
58,1268,2051,1,3,0,102,0,1433,0
47,1517,1311,5,3,2,102,192,783,1
4,1533,1897,1,1,0,19,2,61,1
65,1099,1222,3,2,2,19,41,776,1
54,1430,1618,6,0,1,19,72,1137,0
18,1657,1613,10,3,2,186,208,535,1
20,1290,1541,5,3,2,19,152,389,0
7,2222,1382,4,3,2,19,72,1141,1
57,1514,1523,6,1,2,19,185,564,1
121,1933,1970,4,2,2,19,45,209,1
2,1324,1058,2,3,2,315,71,745,1
23,1152,1206,1,3,2,19,0,677,1
36,1565,1207,5,3,0,19,83,117,1
73,1667,1644,3,3,2,19,91,1285,1
59,2060,1792,7,3,2,311,83,121,1
57,1535,1318,2,3,2,315,36,433,1
96,1549,1425,5,3,0,37,197,1415,0
56,1569,1602,4,3,0,19,99,1324,1
107,1412,1211,5,1,2,356,153,343,0
34,1654,1516,5,3,0,199,319,705,1
50,1746,1739,5,2,0,102,78,807,1
49,1525,1633,6,3,0,28,96,1259,1
49,1654,1693,4,1,2,102,99,1324,1
122,1024,1152,1,1,0,211,0,677,1
43,1436,1668,4,3,2,19,152,1002,1
20,1018,1489,4,3,0,19,73,19,0
46,1645,1748,3,1,0,19,93,1219,1
40,1283,1393,6,3,0,19,97,1322,1
100,1357,1689,4,3,0,315,99,1324,1
70,2119,2076,4,3,0,102,95,1223,0
13,1286,1198,2,3,2,19,36,433,0
37,1152,1198,1,3,0,327,0,1451,1
71,1738,1337,9,3,2,248,219,1078,1
57,1480,1465,8,3,2,19,201,297,0
15,1485,1557,2,3,2,311,90,1194,1
37,2013,1773,5,3,2,2,121,1194,1
64,1500,1480,2,2,0,19,10,245,0
11,1147,1355,3,3,0,102,171,661,1
3,1708,1215,2,3,2,102,36,283,0
45,1210,1334,1,3,0,19,0,1433,1
125,2088,1974,2,1,2,19,19,247,1
30,1536,1350,5,1,0,19,0,1430,1
42,1500,1584,2,1,0,102,41,443,0
49,1950,1226,2,3,2,21,4,1456,0
146,1732,1733,5,3,0,19,71,752,0
49,2199,2035,7,1,2,17,313,957,1
53,1253,1267,5,1,2,108,78,807,0
26,1054,1373,1,3,0,108,0,434,1
44,1169,1571,1,3,0,2,0,1403,0
64,1773,1706,5,1,0,37,241,976,1
62,1328,1215,2,3,2,121,78,809,1
87,1580,1555,2,2,2,19,10,238,0
42,1562,2207,2,3,0,84,41,443,0
80,1088,1350,5,3,0,108,240,1008,1
48,1562,2207,1,3,0,84,307,27,0
15,1500,1536,9,3,2,19,239,92,0
37,1329,1443,6,1,2,19,211,1072,1
44,1196,1264,3,3,0,108,239,977,1
64,1303,1175,10,1,0,350,232,1059,1
76,1355,1428,2,1,0,19,72,1125,1
1,1431,1367,1,3,2,19,71,638,1
43,1824,1500,2,1,2,19,36,433,1
42,1333,1347,3,3,2,56,71,137,1
40,1895,1953,10,2,0,91,220,1077,1
72,1365,1442,2,1,0,203,1,739,1
40,1611,1591,9,1,0,19,201,494,1
84,1508,1523,3,3,0,19,239,977,1
97,2264,1455,9,2,2,102,331,713,0
33,1575,1405,4,1,2,390,175,68,1
22,1242,1402,3,2,0,37,91,1351,1
34,1244,1141,2,1,0,315,72,1125,1
14,1654,1397,4,3,2,323,191,643,1
20,1175,1455,1,1,0,372,0,1451,1
58,2120,2008,9,3,0,102,226,1097,1
42,1145,1760,7,3,0,315,199,304,1
107,1817,1798,7,2,2,19,197,297,1
13,1688,1421,3,3,2,311,96,1194,1
100,1554,1630,1,3,0,108,0,434,1
104,1654,1561,4,3,0,187,239,963,1
116,1554,1689,2,1,0,199,152,311,1
47,1800,1741,5,3,2,315,192,785,1
74,1900,2200,3,1,0,56,90,1287,1
101,1819,1842,5,3,2,21,153,343,1
70,1851,1887,5,3,0,19,153,343,1
83,1905,1690,5,1,2,19,239,979,1
46,1346,1354,2,1,0,327,36,679,0
94,1916,1924,5,1,0,19,108,1225,1
43,2166,1590,2,3,2,19,77,682,1
23,1419,1362,4,3,2,152,78,652,1
113,1079,1500,4,2,2,19,191,643,0
31,2167,1777,9,3,2,19,188,562,1
81,1726,1388,5,2,2,19,192,783,1
54,1656,2160,8,3,0,19,112,1328,1
45,1805,1815,7,1,2,19,247,928,1
43,1747,1703,4,3,2,104,248,1377,1
53,1359,1342,8,3,2,102,208,519,1
9,1393,1195,6,1,2,187,193,1020,1
76,1944,1823,5,0,1,19,83,117,1
44,1134,1500,9,1,0,108,201,494,0
67,1678,1839,4,3,2,19,5,590,1
25,1453,1258,7,3,2,19,219,1074,1
4,1616,1708,4,3,0,102,117,1194,1
42,1002,1731,2,1,0,350,36,433,1
51,1443,1499,4,1,2,102,175,68,1
41,1500,1631,5,3,2,102,0,413,0
133,2188,2234,6,3,0,236,216,1039,1
47,1738,1364,4,1,2,236,245,943,0
99,1628,1560,9,1,2,19,226,1089,1
14,1492,1563,5,3,0,19,21,242,1
93,1864,1786,9,0,1,393,112,1332,1
131,1892,1861,2,2,2,361,36,433,1
51,1810,1835,4,3,2,104,99,1324,1
147,1536,1500,5,1,2,19,71,752,1
44,1335,1241,3,1,0,102,152,331,1
110,1679,1705,7,3,0,312,196,1150,1
5,1894,1539,1,1,2,19,0,1433,1
30,1414,1442,8,3,0,19,192,794,1
39,1664,1590,4,1,2,19,72,1141,1
71,1500,1451,1,1,2,315,0,1433,0
56,2226,2219,5,2,0,117,241,976,1
21,1228,1292,3,1,2,182,171,661,1
2,981,1335,2,3,0,315,239,961,1
90,1655,1668,4,3,0,19,99,1324,1
23,1559,1615,3,1,2,19,90,1370,1
76,2162,1989,4,3,0,189,93,1217,1
53,1523,1387,2,3,2,19,78,809,0
42,1548,1700,5,3,0,102,241,976,0
66,1882,1902,3,3,0,311,31,279,1
71,1110,1500,1,2,2,4,4,1003,0
22,1978,1979,6,3,0,312,72,1145,0
94,1698,1612,2,1,0,350,81,111,1
44,1336,1662,6,3,0,19,72,1137,1
82,1255,1626,3,1,0,19,91,1351,1
15,1413,1434,2,3,2,19,36,433,1
55,1833,1500,4,1,2,64,49,768,0
101,1127,1044,3,2,2,19,171,661,1
82,1096,1135,5,1,0,370,193,1035,1
61,1830,1311,8,2,2,55,196,1166,0
54,1415,1438,4,2,0,19,191,645,1
11,1301,1394,7,3,2,238,198,301,1
21,1398,1436,5,3,0,102,172,163,1
15,1560,1349,2,1,2,102,36,679,1
79,2045,1500,5,2,2,19,78,807,0
52,1500,1683,2,1,0,325,239,961,0
20,1464,1397,3,3,0,19,6,1473,1
75,1386,1397,6,1,2,241,211,1072,1
90,1577,1730,3,1,0,187,241,992,1
73,1480,1389,4,3,2,298,195,637,1
110,1128,1514,3,3,0,361,171,655,1
28,1519,1445,9,3,2,102,172,184,0
67,2291,1562,5,3,2,102,71,752,0
119,1651,1385,3,3,2,315,171,847,1
51,1732,1784,4,3,2,19,99,1324,1
19,1426,1411,9,1,2,19,204,471,1
39,1519,1556,10,1,2,19,239,94,1
15,1445,1473,8,3,2,19,199,305,1
44,1479,1056,4,1,0,19,192,784,1
55,1676,1661,5,3,2,19,201,462,1
89,1859,1734,4,3,2,213,49,768,1
29,1821,1699,9,3,2,19,358,612,1
19,1268,1158,3,1,2,19,174,67,0
54,1259,1704,3,3,0,361,152,352,0
103,1316,1151,4,2,2,19,73,19,1
73,1411,1303,3,3,2,78,152,359,1
49,1405,1417,4,1,2,19,240,967,1
57,1553,1485,4,3,2,311,192,784,1
39,1414,1651,6,3,0,19,216,1039,0
15,1809,1701,7,3,2,26,196,1150,1
64,1788,2067,5,1,0,311,73,25,1
45,1429,1148,5,3,2,361,71,752,1
76,1828,1697,3,1,0,19,241,992,1
73,1265,1500,4,3,0,102,191,210,0
90,1742,1750,8,3,0,102,217,1045,1
55,1533,1572,4,3,0,19,72,1141,1
86,2018,1527,5,0,1,19,162,360,1
128,1776,1718,2,2,0,379,71,774,0
43,1656,1571,8,3,2,28,250,1394,1
41,1884,1809,3,3,2,103,152,349,1
135,1706,1405,3,1,2,19,90,1208,1
25,1420,1517,3,3,2,236,71,746,0
36,1250,1235,4,1,0,21,78,806,1
46,2120,2135,6,2,0,311,157,377,1
61,1327,1322,5,1,2,19,154,314,1
49,1377,1073,4,1,2,368,72,1141,0
88,1658,1802,8,1,0,19,274,1177,1
63,1544,1738,4,1,2,19,247,926,1
52,2279,1826,2,3,0,19,10,223,1
62,2082,1796,6,3,2,361,265,894,1
32,1319,2294,4,1,0,19,241,980,0
48,1559,1798,3,3,0,19,20,258,1
120,1265,1500,4,3,0,37,192,784,0
52,1003,1623,4,1,0,108,193,777,0
28,1173,1221,4,3,0,48,241,965,1
40,1068,1822,2,1,0,19,41,443,1
80,1821,1820,5,3,2,366,72,1142,0
22,1615,1727,3,3,0,19,152,353,1
32,1407,1430,3,3,0,19,171,650,1
47,1759,1611,8,3,2,315,196,1154,1
144,2063,2038,8,0,1,237,221,1093,1
61,1439,1454,3,1,2,187,241,992,1
73,1592,1478,1,0,1,187,36,960,1
25,1708,1540,2,3,0,102,90,1194,0
53,1887,1564,5,1,2,107,246,936,1
59,1607,1558,3,3,2,19,20,258,1
30,1768,2060,9,3,0,187,154,323,0
70,1531,1473,1,2,0,19,0,409,1
72,1017,1122,7,1,0,19,206,522,1
96,1602,1615,6,3,0,19,185,550,1
57,1567,1238,6,3,2,84,201,499,1
33,1563,1781,5,3,2,26,258,868,1
20,1750,1708,5,1,0,325,174,69,1
85,1314,860,3,3,0,28,239,977,0
10,1971,1244,7,3,2,19,253,1399,1
25,1667,1480,2,3,2,102,36,433,1
26,1600,1542,4,3,0,37,72,1143,1
19,2045,1435,3,2,2,19,152,359,0
35,1748,1537,7,3,2,28,204,466,0
30,1500,978,3,3,2,236,91,1351,0
52,1233,1500,4,3,2,113,20,254,1
46,1500,1712,6,1,0,182,21,264,0
43,1455,1272,8,1,2,311,101,1282,1
56,1605,1698,1,1,0,19,0,1433,1
77,1780,1808,5,3,2,19,258,870,1
25,1886,2001,5,3,0,108,239,979,1
85,1663,1706,6,3,0,37,213,1121,1
79,1302,1183,2,1,2,187,4,1465,1
58,2148,2185,2,3,0,19,3,62,1
29,1572,1782,7,1,2,19,196,1150,1
73,1942,1845,4,3,2,19,241,967,1
55,1858,1674,5,3,2,361,343,594,1
6,1414,983,3,0,1,298,171,650,1
28,1808,1500,6,3,2,102,206,463,0
93,2129,2088,4,3,2,355,117,1194,1
90,1221,1368,2,1,0,19,10,238,1
97,1963,1857,2,3,2,19,11,243,1
3,978,1500,2,3,0,102,72,1125,0
30,1462,1550,3,3,0,19,172,164,1
66,1545,1706,5,2,0,187,72,1142,1
110,1841,1712,3,3,0,108,90,1208,1
61,1424,1396,4,1,2,102,191,431,1
90,1474,2010,5,0,1,114,71,759,0
147,1834,1699,5,1,2,19,83,117,0
34,1642,1703,2,1,0,121,239,961,1
88,1804,1783,3,3,0,19,65,191,1
134,1369,1307,5,1,0,237,177,1439,1
41,1603,1339,4,1,2,104,108,1251,1
47,1612,1601,4,3,2,19,191,653,1
29,1229,1215,2,3,2,321,77,682,1
110,1784,1851,4,1,0,19,99,1324,1
64,1016,1230,2,3,2,257,4,1465,0
30,1218,1393,1,3,0,379,0,1433,1
113,1769,1383,2,1,2,19,36,682,1
91,1828,1471,3,0,1,102,71,746,0
23,1786,1966,4,3,2,311,72,1143,0
91,1649,1445,10,1,2,248,172,186,1
47,1701,1809,9,3,2,19,154,323,1
47,1841,1940,10,3,0,102,101,1261,1
53,1214,1115,6,3,2,102,239,96,1
94,1701,1758,4,3,2,54,239,978,1
73,1696,1657,2,1,2,238,4,1471,1
119,1942,1466,8,1,2,19,275,923,1
23,1527,1507,2,3,2,19,4,1469,1
54,1262,1289,1,3,0,360,0,1433,1
78,1218,1371,4,1,0,187,171,644,1
37,1866,1521,1,3,2,19,36,960,1
45,1298,1347,5,3,0,187,86,111,1
88,1869,1987,8,1,0,311,192,789,1
59,1446,1739,2,2,2,19,41,443,1
62,1748,1774,1,3,0,19,0,434,1
62,1689,1981,6,3,2,19,52,34,1
99,1856,1365,3,1,2,314,152,371,0
97,1689,1790,6,0,1,19,197,293,0
16,1413,1336,5,3,0,356,195,1150,0
66,1621,1703,5,3,0,315,177,1439,1
32,1916,1830,5,1,0,102,193,1035,1
57,1667,1404,5,1,2,22,259,866,1
23,1572,1126,3,3,2,19,174,67,1
98,1743,2088,3,1,0,19,0,410,1
40,1540,1446,3,3,2,19,91,1351,1
71,1359,1480,8,3,2,19,198,302,0
94,1575,1474,4,3,0,19,191,653,1
27,1868,1808,4,1,2,31,153,358,1
26,1431,1355,1,1,0,19,0,677,1
116,1424,1158,3,0,1,19,174,67,0
112,1865,1952,7,3,0,102,240,988,1
22,1365,1856,7,3,2,314,175,78,0
16,1334,1294,2,3,0,324,72,1125,1
53,1293,1282,4,1,2,19,193,777,1
29,1340,1366,1,3,0,19,0,1433,1
91,1466,1582,4,3,2,315,192,784,0
109,1417,1463,8,0,1,102,216,1040,1
55,1810,1749,8,3,2,108,221,1092,1
2,1921,2322,2,2,0,3,239,961,1
52,1150,1596,2,1,0,19,36,433,1
35,2221,2222,2,1,2,37,36,433,1
66,1372,1360,4,3,0,19,99,1324,1
20,1485,1720,3,3,0,19,171,650,1
51,1979,1537,4,1,2,361,72,1141,1
72,1403,1291,2,1,0,117,171,639,1
47,1447,1736,7,3,2,19,120,1214,1
21,1951,1882,8,3,2,19,195,1172,1
10,1240,1602,2,2,0,43,90,1194,1
117,1184,1506,4,1,2,32,241,980,1
26,1530,1843,4,3,0,19,264,874,1
96,1733,1833,4,0,1,19,108,1251,1
37,1452,1172,7,3,2,55,196,1150,1
43,1718,2210,4,3,2,19,240,967,1
107,1684,1053,9,2,2,19,226,1089,1
102,1561,1500,1,2,0,298,36,960,1
66,2076,1990,3,3,0,21,6,1462,1
43,1686,1606,6,3,2,19,206,463,1
12,1250,1556,1,1,0,28,0,1427,1
65,1177,1217,4,3,2,48,191,645,1
50,1516,1586,7,2,0,350,49,772,1
9,1601,1399,4,3,2,102,174,72,1
47,1677,1640,4,1,2,19,241,967,1
119,1545,1714,9,1,2,19,204,464,1
46,1509,1913,4,3,0,37,343,460,1
89,1682,1350,2,1,2,356,36,433,1
124,1486,1539,3,1,0,19,171,651,1
62,1243,2082,3,3,0,19,90,1370,1
7,1271,1130,3,1,2,361,171,661,1
29,1612,1662,8,1,2,104,219,1080,1
4,1589,1739,4,3,2,211,117,1194,0
39,1506,1133,5,3,2,236,195,1150,1
53,1500,1500,5,3,2,19,195,1150,0
16,1570,1414,4,1,0,102,264,874,1
24,1928,2050,7,1,0,37,249,1393,1
46,1421,1630,9,1,0,187,226,1089,1
1,1670,1175,1,3,2,19,71,638,1
18,1459,1307,4,3,2,214,175,68,1
33,1672,1455,6,0,1,394,213,1121,0
138,1315,1163,7,3,0,19,198,301,1
98,1446,1489,3,1,0,315,171,661,1
92,1442,1609,1,2,0,19,0,1124,1
63,2229,2002,10,1,2,361,154,316,1
37,2222,1810,5,1,2,19,83,141,1
10,1758,1852,3,3,0,26,65,191,0
115,1445,1407,5,1,2,108,343,594,1
78,1772,1770,5,3,0,37,99,1314,1
72,1570,1633,5,3,0,19,265,907,1
2,1570,1797,1,3,0,19,0,1433,1
53,1554,1479,1,3,2,200,36,960,1
40,1789,1796,6,3,0,19,343,593,1
87,1434,1179,7,3,2,103,199,304,1
42,1649,2183,8,3,0,102,101,1247,1
49,1607,1463,2,3,2,43,39,766,1
51,1500,1319,5,1,2,32,192,783,1
8,1866,2088,6,3,2,236,78,808,1
70,1065,1344,4,3,0,315,82,111,1
35,1859,1460,5,3,2,19,91,1350,1
132,1497,1491,3,3,0,19,90,1208,1
63,1636,1260,1,1,2,102,0,30,1
44,1091,1096,5,3,0,315,243,968,0
21,2225,2096,10,3,2,311,172,187,1
40,955,1082,2,1,0,108,36,433,1
69,1658,1689,6,2,2,117,211,1120,1
40,1523,1523,5,1,0,19,197,1415,1
122,1364,1356,3,1,0,19,78,810,1
64,1588,1574,2,3,0,220,36,682,1
67,1591,1581,6,2,2,102,51,54,1
39,1495,1896,4,1,2,19,245,943,1
15,1589,1691,8,3,2,37,216,1040,0
101,1076,1011,3,2,2,19,171,650,0
103,1678,1595,2,3,2,253,37,960,1
38,1794,1750,7,3,2,102,313,957,1
51,1381,1583,3,1,2,311,71,137,1
63,1320,1391,1,2,2,102,0,827,1
86,1817,1866,4,1,0,187,117,1194,0
85,1403,1486,2,1,2,329,73,0,1
55,945,964,5,3,2,211,71,752,1
94,1629,2001,2,3,0,19,72,1125,0
16,1107,1631,3,3,0,236,171,661,1
41,1767,1722,8,3,2,104,123,1290,0
103,1466,1529,4,2,2,19,247,926,0
42,1842,2137,3,3,0,393,6,1473,1
77,1451,1144,2,3,2,37,77,682,1
14,1183,1431,4,1,0,311,81,114,0
53,1544,1332,2,3,2,368,36,682,1
17,1428,1313,4,1,2,19,99,1324,0
80,1275,1253,2,3,0,315,28,269,1
39,1500,1327,1,1,2,223,2,61,1
57,1433,1653,2,3,0,104,28,269,1
69,1216,1182,2,1,2,236,37,960,1
47,1824,1817,2,1,2,315,77,682,1
64,1571,1597,7,3,0,117,154,313,1
92,1820,1820,6,3,0,104,268,903,0
52,1532,1517,9,3,0,350,268,888,1
92,1139,1404,4,1,0,19,241,980,1
45,1028,869,4,1,2,128,152,1002,0
38,1079,1582,4,2,0,311,241,974,0
63,1631,1546,3,1,2,102,172,164,0
60,1133,1234,6,3,0,108,201,405,1
28,1400,1395,2,3,0,104,4,1463,0
6,1959,2008,5,3,2,19,81,153,1
66,2119,1959,7,3,0,102,219,1071,1
122,1807,1769,2,1,0,102,90,1194,1
30,1211,1226,6,0,1,187,206,514,1
45,1500,1741,3,3,2,104,6,1473,0
63,1447,1389,3,3,2,315,171,654,1
59,2064,1897,6,3,2,238,206,463,1
43,1805,1273,4,3,2,314,192,784,1
47,1342,1299,3,3,2,205,241,992,0
55,1227,1253,3,3,2,108,91,1285,1
47,1755,1903,4,3,2,19,181,570,1
68,1870,1989,2,3,0,298,4,1004,1
6,1217,1611,6,2,0,28,197,293,1
133,1762,2220,5,1,2,19,97,1323,1
81,1782,1325,7,3,2,119,197,297,1
27,2270,1968,6,3,2,19,36,285,1
30,1528,1500,3,3,0,110,239,977,0
53,1283,1422,2,3,2,19,72,1125,1
62,1985,1921,8,3,0,19,192,789,1
80,1241,1280,3,2,0,19,91,1351,1
34,1412,1492,4,3,0,102,117,1194,1
68,1996,2132,2,1,0,348,10,246,1
30,1367,1208,1,2,0,315,0,537,0
93,1572,1590,6,1,2,19,72,1137,1
88,1401,1373,3,0,1,19,91,1285,1
39,2336,1830,9,3,2,19,196,1165,1
57,1857,1737,5,3,2,104,243,968,1
53,2022,2162,6,3,2,248,15,236,1
52,1224,1294,6,3,0,211,192,792,1
58,1712,1500,3,3,0,315,239,977,0
60,1692,1699,2,3,0,311,3,62,1
59,1827,1857,9,1,2,104,305,425,1
63,1445,1172,5,3,2,102,195,1150,1
133,1851,2082,10,0,1,41,113,1248,0
17,1545,1465,2,3,2,311,4,1459,1
58,1204,1464,5,1,0,37,195,1150,0
55,1335,1444,2,3,2,19,72,1125,1
120,1741,1871,7,1,0,19,163,337,1
54,1145,1040,2,3,2,108,72,1125,1
51,1500,1651,6,3,2,19,216,1039,0
39,1971,1317,4,1,2,19,72,1141,1
76,1551,1479,6,2,0,311,245,940,1
12,1807,1274,3,3,0,19,0,410,1
76,1195,1247,6,3,0,315,73,24,0
33,2063,2065,4,3,2,104,72,1141,1
26,1458,1363,5,3,2,19,66,202,1
46,1970,1208,3,0,1,32,71,656,0
78,1308,1441,5,3,0,19,177,1443,1
35,1619,1625,5,3,2,19,154,314,0
52,1780,2015,3,3,0,102,152,352,0
89,1576,1573,4,3,2,19,72,1143,1
79,1599,1599,4,3,2,315,241,980,1
44,1300,1397,6,3,0,121,108,1284,1
31,1755,1293,4,1,2,19,264,874,1
35,1483,1275,3,1,2,370,191,635,1
45,1383,1489,6,1,2,315,197,293,0
75,1491,1240,5,3,2,113,154,314,1
68,1701,1500,5,1,0,117,197,1415,1
31,1359,1500,4,3,2,315,191,643,0
69,1553,1482,4,1,2,19,258,851,1
85,1220,1275,5,3,2,187,73,25,1
146,1950,1876,5,3,0,363,192,785,1
25,1970,1500,4,3,2,19,191,210,0
52,1620,1723,5,1,0,19,241,976,1
32,1306,1298,8,3,0,19,201,297,1
31,1832,1821,7,1,2,211,83,123,0
65,1831,2048,2,1,2,180,36,682,0
106,1323,1351,6,1,0,102,197,1416,1
69,1069,1295,2,1,2,19,36,682,1
81,1950,1849,2,3,2,19,36,433,1
71,1677,1620,9,1,2,350,201,494,0
133,1832,1762,5,1,2,19,117,1224,1
23,1331,1159,5,1,2,19,197,1415,1
58,1453,1796,3,1,0,358,6,765,1
48,1629,1567,9,3,0,19,272,911,1
46,2035,1910,2,3,0,104,36,214,1
62,1216,1584,4,1,0,391,72,1141,1
54,1668,1761,2,1,0,311,36,433,1
81,1359,1044,3,1,2,187,73,13,1
24,1087,1096,5,1,0,19,201,462,1
11,1500,1134,2,3,2,306,41,443,0
77,1690,1533,8,3,2,19,101,1282,1
33,1426,987,4,3,2,19,73,17,1
39,1610,1671,5,3,0,311,81,153,0
46,1605,1403,6,3,2,119,201,405,1
105,1500,1202,2,0,1,315,78,809,1
125,911,1356,2,1,2,396,10,237,1
100,1500,1456,5,3,0,108,193,1034,1
109,1606,1537,5,1,2,189,41,1425,1
104,1325,1617,4,3,0,315,264,874,1
36,1835,1887,6,1,0,315,185,550,1
36,1564,1639,6,1,0,315,201,503,1
62,1509,1487,8,1,0,19,76,16,1
80,1690,1830,4,2,0,19,71,757,1
135,1621,1853,8,1,2,225,154,312,1
56,1605,1521,5,3,0,108,154,314,1
87,1480,1310,8,1,2,19,201,495,0
15,1903,1752,2,3,2,19,41,443,1
54,1278,1220,2,3,0,238,73,0,1
19,1682,1500,3,3,2,19,241,992,0
60,1912,1936,2,2,0,19,0,829,1
36,1750,1741,6,1,0,111,201,405,1
51,1686,1567,5,3,2,359,192,783,1
32,1075,1524,1,1,0,19,0,1433,1
10,1035,1603,1,3,0,61,0,1451,1
113,1623,1442,3,3,2,358,152,359,1
17,1703,1562,9,3,2,102,208,534,0
59,1102,1810,1,3,2,39,0,1433,0
62,1503,1587,2,3,0,361,4,1471,1
75,1499,1498,4,1,2,350,245,943,1
112,1619,1592,2,0,1,19,41,443,1
71,1241,978,3,3,0,311,93,1219,0
29,1222,1356,6,2,2,363,215,1054,1
20,1399,1365,5,3,0,19,153,343,0
94,1500,1516,4,0,1,0,264,874,1
48,1345,1448,2,3,0,19,239,961,1
61,1810,1686,2,3,2,19,36,283,1
65,1952,1954,4,1,2,102,117,1194,1
114,1724,1545,5,3,0,363,258,870,1
93,1858,1920,7,1,2,19,323,716,1
112,1300,1319,3,1,0,19,93,1219,1
72,1112,1073,3,1,0,187,42,1421,1
80,1349,1383,3,3,0,75,239,977,1
27,1279,1363,5,3,0,311,71,752,1
55,1419,1074,4,1,2,108,191,645,1
65,2179,2317,4,3,2,69,258,851,1
104,1638,1757,6,1,0,19,20,253,1
51,1861,1413,1,2,2,321,36,960,0
86,1804,1869,5,0,1,104,153,343,1
100,1995,2014,6,0,1,19,72,1146,1
34,1252,1714,3,1,0,19,239,967,1
94,969,1344,2,1,0,108,239,961,0
26,958,1313,6,3,2,19,101,1326,0
39,1267,1370,4,3,2,19,72,1141,1
69,1802,1367,5,1,2,19,71,759,1
30,1081,1356,1,1,0,19,0,1427,1
91,1520,1521,6,2,2,117,343,593,1
39,1940,1327,3,1,2,290,71,656,1
34,1437,1786,4,3,0,19,239,963,1
70,1506,2221,1,3,0,19,0,1427,1
60,994,1192,6,1,0,248,162,357,1
9,1395,1273,2,1,2,19,71,774,1
42,1663,1924,4,3,0,19,99,1324,1
19,976,1832,4,3,0,19,77,1010,1
17,1500,1489,3,3,0,311,239,967,0
31,1434,1357,3,2,2,19,174,67,1
63,1949,1474,5,3,2,19,117,1224,0
111,1783,1595,3,0,1,19,241,992,1
80,1898,1926,9,3,0,19,349,608,1
44,1250,1243,7,1,0,102,208,518,1
56,1695,1600,2,3,2,348,36,682,1
40,1952,1506,4,3,2,37,117,1194,1
71,1613,1729,9,3,2,108,154,323,1
39,1076,1343,3,1,2,19,91,1351,1
57,1366,1500,1,1,2,298,307,27,1
106,1623,1623,6,1,0,19,211,1072,1
25,1582,1634,4,3,2,19,192,784,1
63,1474,1337,3,1,2,298,91,1285,1
82,1773,1653,2,3,0,19,71,774,1
42,1500,1810,6,1,0,187,213,1121,1
122,1648,1596,8,2,1,19,79,819,1
120,1624,1835,10,2,0,102,136,1340,1
83,1662,1315,2,3,2,19,77,682,1
40,1173,1262,3,3,0,19,171,661,1
49,1160,946,3,1,2,108,239,977,1
52,1496,1305,3,1,0,329,171,650,1
53,1741,2062,4,3,2,19,117,1194,1
68,1436,1434,1,1,0,236,36,960,1
4,1527,1861,1,1,0,19,2,61,1
66,1321,2051,3,1,0,19,42,1421,0
86,1832,1807,6,3,0,19,213,1121,1
57,1846,1947,5,3,2,19,192,785,1
46,1933,1499,5,3,2,19,193,1034,1
44,1282,1213,4,3,0,102,258,851,1
81,1768,1717,8,2,2,118,221,1092,1
77,1467,1501,4,0,1,200,192,784,1
71,1485,1352,7,1,2,234,196,1150,0
75,1500,1801,6,1,2,102,313,945,0
3,1408,1570,3,0,1,185,241,992,0
92,1155,1125,4,3,0,19,193,777,1
48,1639,1728,7,1,0,376,199,304,1
73,1445,1454,6,3,2,92,213,1121,1
91,1890,1887,5,1,2,19,117,1224,1
92,1195,1298,1,2,0,19,0,1433,1
97,1909,1887,5,3,2,41,192,783,1
52,1500,1739,1,1,0,117,0,30,0
42,1739,1701,4,1,0,102,174,75,1
40,1497,1532,6,3,0,31,154,315,0
45,2002,2108,6,3,0,219,119,1211,1
34,1507,1757,4,3,0,21,241,967,1
32,1515,1710,8,3,0,372,196,1154,1
30,1500,1265,7,1,0,175,198,301,0
33,1702,1501,9,3,2,19,195,1173,0
2,1091,1500,1,3,0,236,0,1433,0
76,1302,1349,4,3,2,202,96,1260,1
26,1111,897,1,3,2,19,0,434,0
115,1765,1829,3,3,0,19,152,363,1
28,1820,2225,3,3,0,19,152,353,1
9,1500,987,2,1,2,168,71,671,1
43,1848,2272,8,2,2,21,320,733,0
76,1460,1457,2,1,0,19,77,682,1
28,1565,1563,5,3,0,117,195,1150,1
50,1500,1500,3,3,0,19,90,1364,0
27,1224,1289,5,3,2,19,192,783,1
39,2118,2004,4,3,2,102,93,1217,1
73,1907,1677,6,2,2,107,265,1178,1
93,1441,1392,4,2,2,37,191,210,1
80,1812,1693,7,3,0,102,197,297,1
70,1691,1589,7,3,0,37,154,313,0
62,1303,1634,6,2,0,19,211,1072,1
29,2300,2041,8,3,2,19,319,727,1
44,1400,1437,2,3,0,361,4,1465,0
42,1444,1400,5,1,0,19,195,1150,1
77,2228,2228,9,3,2,117,154,323,1
105,1500,1554,6,1,2,19,213,1121,0
9,1599,1647,3,0,1,161,93,1219,0
22,1264,1268,4,0,1,236,191,653,1
30,1862,1764,6,3,0,19,47,108,1
117,1501,1486,3,3,2,19,90,1208,1
74,1650,1721,7,1,0,248,120,1214,1
37,1556,1410,3,3,2,108,90,1208,1
47,1053,1474,3,1,2,207,239,962,1
81,2150,1774,5,1,2,19,192,785,1
19,1348,1407,3,3,0,19,90,1287,0
34,1570,1611,7,3,0,19,77,688,1
100,1565,1673,10,3,2,102,228,1104,1
101,1670,1522,3,1,2,236,174,67,1
19,1302,1236,3,3,2,19,171,651,1
47,1288,1520,6,1,2,206,239,96,0
36,1320,1223,1,1,0,19,0,677,1
100,1444,1480,4,1,0,19,247,926,0
46,1172,1286,7,1,0,19,197,297,1
23,1377,1804,6,1,2,19,206,463,0
16,1561,1523,5,3,2,236,258,868,1
61,1687,1566,5,3,2,19,71,752,1
94,1839,1736,2,3,0,19,4,1463,1
66,1500,1821,5,1,0,19,239,84,0
59,1610,1571,2,3,2,315,81,111,0
64,1200,1002,6,1,0,21,119,1211,1
70,1315,1189,2,1,0,19,90,1194,1
17,1671,1094,1,3,2,21,0,1433,1
17,1678,1017,5,3,0,311,192,785,1
44,1599,1716,2,3,0,19,36,433,1
113,1958,1952,2,2,2,19,4,1459,1
37,1597,1500,2,3,0,289,36,679,1
19,1552,1275,2,1,2,28,41,443,1
40,1181,1466,5,3,0,37,118,1212,0
53,1592,1671,5,1,2,19,94,1221,1
38,1983,2313,2,3,0,19,36,433,1
107,1462,1437,10,3,2,361,136,1340,1
24,1864,1833,9,3,2,104,226,1089,1
107,1234,1087,4,3,2,38,71,1405,1
20,1196,1348,5,3,0,102,258,868,1
98,1487,2008,1,1,0,298,2,61,1
43,1499,1104,3,2,2,117,174,67,0
16,1592,1500,3,3,2,121,152,352,0
32,1256,1703,6,3,0,19,268,903,1
95,2209,2113,4,3,2,104,78,997,1
19,1613,1279,1,3,2,394,0,434,1
45,2197,1943,5,3,2,102,118,1212,1
36,1343,1256,3,1,0,19,171,661,1
29,1530,1556,5,3,0,28,193,1034,1
118,1431,1289,3,3,0,350,36,291,0
108,1689,1746,5,0,1,311,193,778,1
58,1500,1739,1,1,0,117,0,677,0
71,1701,1821,7,2,2,104,198,301,1
128,1560,1185,3,3,0,19,91,1285,1
29,1418,1330,4,2,2,315,72,1141,1
51,1305,1671,3,3,2,187,91,1351,1
100,1492,1560,2,3,0,19,78,809,1
54,1454,1613,4,3,0,19,21,261,1
51,1227,1303,9,3,2,102,239,92,1
55,1461,1388,3,1,2,19,31,279,1
37,1431,1295,5,1,2,102,193,1034,1
72,2232,2081,9,2,0,355,201,494,1
104,1288,1454,4,3,0,103,193,777,1
111,1239,1211,2,3,2,19,36,283,1
75,1908,1862,3,1,2,361,241,992,1
72,1778,1746,6,3,0,19,268,903,1
79,2096,1870,3,1,2,19,152,370,1
49,2082,1517,9,3,2,19,172,184,1
118,1787,1427,5,0,1,117,0,33,1
68,1756,1667,6,3,2,356,206,514,1
106,1489,1501,9,3,0,19,223,1098,1
18,1149,1372,5,3,0,19,195,1150,1
95,1301,1616,4,2,2,19,192,784,1
56,1302,1696,6,1,0,19,216,1039,1
55,1902,1365,3,3,2,311,152,352,0
41,1799,1711,3,3,2,19,245,850,1
35,1699,1457,4,1,2,102,241,967,1
41,1775,1426,4,3,2,108,193,777,1
74,1571,1389,6,3,0,315,213,1121,1
40,1958,1967,1,1,0,19,0,827,1
60,2017,2167,6,2,0,348,15,236,1
15,1547,1522,3,1,2,108,172,164,1
93,2308,2173,7,3,2,361,120,1214,1
33,1830,1263,4,1,2,315,258,851,1
43,1286,1304,7,3,0,108,199,304,1
122,2277,1893,7,0,1,19,16,227,1
97,1428,1073,4,1,2,19,0,832,1
47,1757,1748,10,0,1,31,208,535,1
9,1932,1989,3,1,2,361,61,196,1
2,1749,1620,1,3,2,19,0,677,1
4,1500,1238,1,1,0,350,2,61,0
49,1987,1548,5,1,2,117,193,1034,0
74,1591,1500,2,1,0,102,19,247,0
48,1388,1326,2,3,2,19,81,111,1
71,999,1375,6,1,2,203,212,1052,1
37,1675,1654,4,3,2,19,43,945,1
3,1252,1168,2,3,2,315,71,32,1
59,2043,2017,10,3,2,19,242,984,1
54,1562,2210,2,1,0,110,1,735,0
56,1977,1919,6,3,0,19,243,969,1
84,1728,1637,4,3,2,315,24,257,1
27,1500,1571,7,3,2,219,192,790,1
85,2032,1776,7,3,2,39,38,685,0
40,1357,1480,5,3,2,19,177,1443,0
53,1274,1233,2,1,2,203,0,1431,1
43,1500,1712,2,3,2,19,239,961,0
16,2008,1744,4,3,2,248,20,254,1
96,2057,1949,9,3,0,121,220,1081,0
118,2111,1981,6,0,1,347,72,1146,1
41,1678,1698,3,1,2,19,6,1473,1
104,1982,2131,1,1,0,219,0,1124,1
44,1891,1845,6,3,0,361,72,1145,1
59,1500,1170,3,1,2,19,172,164,0
78,2179,2115,1,3,0,19,0,434,1
62,1214,1359,3,3,0,379,239,977,1
10,2313,2168,2,3,0,187,71,774,1
27,1500,1005,5,1,2,350,162,360,1
36,871,1006,3,3,0,80,171,847,1
44,1427,1359,8,3,2,19,221,1092,1
2,1442,834,2,3,2,389,152,311,1
116,1975,1907,9,2,0,19,154,323,1
64,1255,1108,10,3,0,158,263,861,0
46,1441,1331,8,3,2,108,319,727,1
12,1277,1047,3,2,0,72,191,635,0
2,920,1348,2,3,0,315,239,961,1
102,1548,1465,3,3,0,356,152,352,1
64,1509,1550,4,3,2,19,72,1143,1
130,1506,1321,3,1,0,19,239,967,1
45,1673,1657,4,3,2,19,245,943,1
44,1538,1472,2,2,0,19,36,433,1
89,1655,1470,4,3,2,0,172,642,1
15,1116,1338,3,3,2,19,171,661,1
114,1407,1555,3,3,0,315,152,363,1
90,1732,1785,4,1,0,19,73,21,1
62,1788,1853,6,1,0,19,201,405,1
66,1141,1094,8,1,0,109,201,297,0
54,1430,1500,3,1,0,70,71,656,1
52,951,1793,1,1,0,253,0,1433,1
59,1225,1252,8,1,2,108,199,305,1
23,1697,1171,5,0,1,19,201,462,0
49,1399,1273,3,3,2,361,36,291,1
83,1478,1490,5,3,2,102,195,1150,0
35,1518,1709,5,3,2,361,71,756,1
34,1228,1500,1,1,0,236,0,537,0
12,1500,1595,2,3,0,298,72,1125,0
101,1342,1298,3,3,2,315,71,137,1
54,1652,1622,1,3,0,19,36,960,1
71,2054,1977,8,1,2,102,101,1255,1
103,1324,1329,6,3,2,110,195,844,1
93,1651,1670,3,1,2,224,90,1370,0
47,1353,1501,6,1,2,102,215,1054,1
47,1348,1432,3,1,2,97,90,1208,1
64,1541,1817,3,1,0,211,90,1208,1
78,1542,1535,9,2,0,19,204,467,1
103,1756,1387,2,3,2,19,71,745,1
33,2264,1753,4,3,2,19,191,210,0
61,1494,1364,5,1,2,19,25,260,1
67,1039,1070,3,3,2,108,152,351,1
77,1383,1045,3,1,2,273,152,352,1
74,2352,2366,7,3,2,361,191,668,1
47,2351,2097,2,3,2,21,4,1465,1
45,1708,1668,5,3,2,102,243,968,0
44,1862,2199,4,3,0,19,65,200,1
131,1334,1246,6,1,2,19,121,1195,1
66,1589,1348,6,1,0,19,246,938,0
38,1262,1661,5,3,0,19,241,976,1
90,1142,1431,4,1,0,315,153,358,1
58,1943,1882,5,3,0,58,192,785,1
114,1755,1789,3,0,1,360,241,992,1
26,1716,1422,5,1,0,102,195,659,1
45,1445,1431,6,3,2,37,258,858,1
4,927,1055,1,3,0,102,1,734,1
63,1946,1828,4,3,2,104,117,1194,1
51,1896,1910,4,1,2,70,152,1002,1
120,1695,1679,4,1,0,102,246,935,1
83,1703,1783,6,2,2,19,206,463,1
44,1237,1326,6,3,0,315,239,96,0
18,1271,1500,4,3,0,4,245,943,0
38,1715,1887,9,3,0,19,303,426,0
79,1812,1726,3,2,2,19,241,992,0
52,1500,1302,1,3,0,236,0,409,0
139,1714,1577,4,1,2,19,245,943,1
118,2055,2007,8,3,0,187,319,727,1
58,1670,1984,4,1,0,19,77,1010,1
63,2014,2023,8,3,2,19,241,933,1
41,1441,1338,3,3,0,19,174,67,1
17,1785,1132,5,3,2,41,201,462,1
60,1500,1484,3,1,0,158,178,1434,0
60,1663,1223,4,3,2,104,40,766,0
83,1840,2013,8,2,2,19,319,727,1
59,1852,1781,2,3,2,19,36,682,1
45,1344,1195,3,3,2,315,191,635,1
111,2045,1768,6,3,2,386,213,1121,0
22,1902,1233,3,3,2,37,93,1219,0
53,1580,1520,5,2,2,298,1,742,1
14,1646,1381,4,3,2,315,46,675,1
94,1278,1582,6,3,0,311,212,1052,1
36,1668,1717,8,3,0,361,245,942,1
80,1216,1352,4,3,0,41,176,1438,1
92,1892,1770,2,1,0,361,36,433,1
64,1334,1384,5,1,0,187,243,968,1
18,1477,1504,4,3,0,37,99,1324,1
70,1581,1649,6,3,2,355,192,786,1
39,1692,1889,7,1,2,108,270,921,1
50,1622,1500,6,3,0,215,108,1253,1
106,968,1305,8,1,0,236,201,297,0
56,1872,1777,5,3,0,301,155,374,1
73,1743,1819,7,1,2,19,48,107,1
33,1973,1881,3,3,0,295,4,1460,0
80,1143,1711,5,1,0,19,195,843,0
2,1765,1234,1,3,2,380,1,734,1
109,1360,1227,4,3,2,19,78,806,1
15,1750,1622,7,1,2,311,173,173,1
3,1240,1161,3,3,2,262,191,635,0
33,2145,1631,4,3,2,355,99,1324,1
128,1686,1098,2,0,1,31,71,159,1
46,1224,1222,4,3,0,19,245,943,1
24,1383,1141,2,3,2,19,28,269,1
77,1869,1254,3,1,2,19,91,1351,1
87,1777,1807,6,2,2,37,211,1072,1
65,1474,1254,10,3,2,383,220,1077,0
39,1965,1741,3,1,2,19,239,977,1
5,2141,2180,2,3,2,361,36,682,1
71,1531,1500,2,1,2,236,239,961,0
12,1612,1600,1,3,0,19,10,215,1
57,1473,1196,5,3,2,19,101,1325,1
50,1543,1456,4,2,0,19,247,926,1
2,1332,1001,2,3,2,315,71,432,1
121,1483,1213,3,1,2,356,83,111,0
66,2073,2195,5,1,0,361,108,1373,1
52,1577,1763,6,1,0,117,49,773,1
48,1508,1243,4,3,0,361,191,645,1
113,1507,1445,4,1,2,108,99,1324,1
2,1362,873,1,3,2,315,0,1427,1
66,1633,1106,2,3,2,359,4,1466,1
9,1310,1304,6,1,2,19,193,1020,1
43,1880,1490,9,1,2,19,239,92,1
24,1063,1678,5,3,0,19,195,646,1
117,1979,2055,9,3,2,104,196,1165,1
56,1500,1504,3,1,0,66,171,649,0
60,1887,1760,3,3,0,236,241,992,1
82,1638,1552,6,3,0,19,206,463,1
37,1426,1178,6,1,2,374,86,136,1
66,2239,2151,6,2,0,37,83,119,1
43,1295,1311,6,3,0,31,258,855,1
43,2226,2119,8,3,2,311,154,312,1
52,1413,1528,6,1,0,19,201,405,1
63,1890,1639,9,3,2,102,79,824,1
14,1434,1352,5,2,0,19,192,785,0
106,1372,1500,2,3,0,19,15,225,0
24,1320,1524,8,3,0,108,206,506,0
74,1771,1447,8,3,0,298,108,1333,1
38,1182,1429,3,3,0,19,172,164,1
51,1928,1688,10,3,2,19,170,401,1
144,2063,2038,8,0,1,237,221,1093,1
54,1844,1539,4,3,0,108,264,874,0
14,1382,1009,1,2,0,310,0,537,1
13,1729,1620,1,3,2,102,0,1433,1
64,1873,1858,10,1,0,19,127,1227,1
62,1302,1338,5,2,0,234,154,314,1
112,1642,1585,2,3,0,19,152,311,1
76,1299,1369,8,1,0,108,353,629,1
