turns,white_rating,opening_moves,victory_status_cod,winner_cod,time_increment_cod,opening_shortname_cod,opening_variation_cod,rated_cod
61,1919,2,3,2,19,29,612,1
86,1195,4,1,0,19,63,612,1
27,1867,9,3,0,28,109,9,1
37,1371,3,3,2,19,61,299,1
52,1415,6,2,0,19,102,535,1
121,1817,5,3,2,19,109,381,1
28,1152,2,1,0,187,109,612,1
34,1216,4,3,0,315,83,0,1
50,1196,2,1,0,315,70,612,1
8,1576,5,3,0,19,49,105,1
17,1586,5,3,2,19,94,309,1
104,1340,2,3,0,19,94,612,1
119,1951,1,3,2,311,33,612,1
96,1931,4,2,0,19,84,612,1
50,1294,9,1,0,315,52,211,1
58,1461,3,1,0,19,61,363,1
66,1697,10,3,0,102,38,18,1
85,1902,4,1,2,19,109,385,1
45,1810,9,3,0,19,52,137,1
23,1506,7,3,2,108,90,229,1
70,1029,1,1,0,19,1,612,1
45,1513,5,1,2,102,50,50,1
23,1553,4,3,2,236,83,0,1
117,1595,5,1,2,26,102,612,1
33,1930,10,3,2,102,109,255,1
118,1838,3,3,0,56,94,326,1
55,1767,1,3,2,19,49,612,1
51,1749,7,3,2,19,52,138,1
59,1821,3,1,2,102,17,612,1
67,2021,4,3,2,19,61,221,1
53,1459,4,2,2,19,109,612,1
67,1042,3,2,2,54,73,349,1
27,1328,5,3,2,361,116,612,0
52,1543,1,1,0,19,68,612,1
21,1756,4,1,2,187,61,110,1
46,1356,2,0,1,356,104,612,1
25,1636,4,3,2,104,24,136,0
71,2099,4,1,2,189,57,612,1
125,1832,3,2,2,102,109,530,1
70,1461,5,3,0,19,101,560,0
64,1806,5,1,0,19,70,86,1
53,2154,3,3,2,236,109,28,1
60,1622,10,3,0,108,38,18,1
64,1158,3,1,0,19,61,370,1
70,1565,5,3,0,28,26,612,1
20,1299,3,3,2,117,61,591,1
74,1744,9,3,0,300,109,256,1
93,1459,3,3,0,194,109,99,1
146,1977,2,3,0,213,33,543,0
92,1655,2,3,0,108,61,612,1
33,1466,7,3,2,117,102,181,1
28,1858,7,3,0,264,38,599,0
70,1706,5,1,0,108,94,309,1
53,1990,2,1,2,102,127,432,1
100,1349,4,1,0,187,0,472,1
43,2156,5,3,2,108,50,428,0
81,1490,6,3,0,37,52,476,1
141,1445,3,1,2,197,61,565,1
116,1729,3,3,0,189,109,28,1
2,1409,2,3,2,187,61,612,1
41,1477,3,1,2,65,33,559,1
87,1582,3,2,2,19,10,612,1
55,1615,3,2,2,108,38,377,1
40,1499,2,1,0,19,33,274,1
62,1811,8,3,0,19,106,137,1
45,1903,2,3,2,361,70,612,1
57,1525,8,1,2,187,84,137,0
39,1758,8,1,2,19,52,211,1
48,1500,3,1,0,260,109,99,0
139,1370,1,3,2,2,121,612,1
40,1500,2,1,0,315,97,0,0
83,1715,4,3,2,102,104,349,0
68,1550,5,3,0,19,83,612,1
91,1949,3,2,2,361,94,0,1
35,1886,6,1,2,19,90,459,1
45,1500,2,1,2,248,33,43,0
50,1558,5,3,0,19,38,181,1
61,1406,7,1,2,356,90,181,0
32,1162,3,1,0,37,34,612,1
78,986,2,1,0,102,104,612,1
63,1375,4,3,2,19,61,152,1
106,1010,1,1,0,37,68,612,1
43,2003,5,1,2,19,17,348,1
47,1636,4,1,2,19,104,337,1
53,1387,2,1,2,222,79,612,1
42,1477,7,3,2,368,84,138,0
99,1395,5,1,2,21,106,612,0
40,1374,4,3,0,19,61,330,1
20,1073,4,3,0,19,55,612,1
85,1737,6,3,2,19,109,28,1
89,1566,1,3,2,19,93,612,1
40,1560,5,1,0,103,90,130,1
95,1562,6,3,0,316,78,553,1
69,2211,5,1,2,37,38,408,1
11,1290,9,3,2,19,102,357,1
141,1799,3,3,0,19,38,377,1
86,1621,10,2,0,19,109,137,1
80,1741,8,2,0,19,109,307,1
67,1639,1,3,0,50,49,612,1
66,1579,1,3,0,26,121,612,1
51,1776,7,3,2,258,38,599,1
41,1300,6,1,2,108,109,115,1
78,2001,6,2,0,315,25,612,1
21,1708,5,3,2,21,101,575,0
33,1678,10,3,2,19,26,612,0
16,1199,1,1,0,379,49,612,1
40,1451,4,3,0,390,61,110,1
93,1507,5,3,2,236,122,333,1
98,1788,4,3,0,19,94,543,1
73,1404,2,0,1,19,9,171,1
79,1638,5,1,2,19,33,274,1
36,1460,4,1,0,253,97,446,1
121,1933,4,2,2,19,30,612,1
76,1508,2,1,0,103,17,612,0
72,1159,5,1,0,391,83,1,1
119,1852,4,0,1,21,109,385,1
58,1504,4,3,0,211,104,337,0
64,1389,2,1,0,19,17,612,1
24,1764,4,3,2,19,109,206,0
129,2113,2,1,2,19,94,612,1
43,1170,3,2,2,19,59,612,1
67,1333,6,3,2,19,40,612,1
35,1854,3,1,2,211,38,282,1
36,1203,1,1,0,19,86,612,1
72,1673,4,1,0,108,90,612,1
63,2062,3,3,2,187,38,282,1
97,1584,5,2,2,361,17,181,0
25,1543,8,3,0,236,36,248,0
43,1742,3,1,2,37,61,370,0
71,1634,1,1,2,361,121,612,1
69,1802,7,0,1,313,83,371,0
44,1886,3,3,0,108,38,277,1
92,1939,6,3,0,110,116,598,1
51,1395,4,3,0,75,61,110,1
67,1460,4,1,2,19,59,377,1
70,1696,1,1,0,311,3,612,1
84,1291,4,3,2,19,109,385,0
55,1693,2,3,2,356,48,612,1
96,1431,8,0,1,200,106,479,1
29,1601,7,1,2,311,36,516,0
83,1518,1,3,2,19,49,612,1
18,1559,2,3,2,19,32,0,0
58,1376,8,3,0,19,36,248,1
70,1950,3,0,1,21,57,612,0
93,1461,4,1,2,311,55,612,1
47,1521,2,1,2,315,127,500,0
89,1949,6,1,2,19,104,314,1
7,1156,3,0,1,19,61,591,1
124,1676,5,3,0,248,110,0,1
101,1908,6,1,2,19,102,77,1
46,1046,3,2,0,19,17,100,1
52,1930,8,3,0,19,109,409,1
90,1616,7,3,0,37,109,128,1
41,1337,3,3,2,19,59,612,1
26,1340,3,3,0,26,61,299,1
46,1654,3,1,0,37,38,533,1
122,1366,5,0,1,19,98,612,1
66,1773,4,2,0,102,104,349,0
86,1391,4,3,0,113,109,141,1
17,1970,6,3,2,19,102,83,0
60,1543,1,3,0,102,121,612,1
119,1949,7,0,1,19,10,575,0
113,1563,7,2,2,187,36,223,0
56,1507,3,3,0,236,38,377,1
97,1559,3,1,2,19,38,282,1
66,1739,7,2,0,312,36,248,1
78,1610,2,1,0,19,48,612,1
102,1206,1,1,0,104,121,612,1
20,1493,4,3,0,19,61,317,0
12,1758,6,3,0,19,52,476,1
47,1366,3,1,2,110,34,612,1
59,2060,7,3,2,311,17,18,1
145,1474,6,1,2,315,102,535,0
89,1579,4,1,2,19,104,337,1
42,1463,1,3,2,19,68,612,1
91,1713,4,3,2,315,10,76,1
11,1315,2,1,2,19,74,612,1
97,1456,3,0,1,19,38,533,1
99,1619,3,2,2,358,84,3,1
21,1289,5,2,2,315,83,1,0
56,1418,3,3,0,19,94,326,1
51,1589,2,3,2,19,127,493,0
43,2081,2,3,2,368,84,2,1
135,1719,4,1,2,110,83,0,1
53,1640,4,3,2,19,90,612,1
96,1528,4,3,0,19,10,76,1
37,1711,4,3,2,377,10,76,1
32,1393,6,3,2,28,122,527,0
52,1879,5,3,0,19,55,612,1
31,1330,3,3,2,236,59,612,0
17,1848,4,3,2,211,109,206,0
51,1709,1,3,2,19,49,612,1
74,1826,3,3,0,28,109,504,1
36,963,3,3,0,329,84,3,0
47,1998,5,3,2,189,83,612,1
84,1331,3,1,0,361,10,612,1
43,1704,7,3,2,19,36,516,1
48,1890,8,3,2,19,17,13,1
10,1277,7,0,1,70,102,181,0
73,1420,9,3,2,300,102,181,0
118,1552,9,3,0,104,90,181,1
121,1238,1,1,2,188,121,612,1
47,2202,3,3,2,361,38,377,1
57,1937,3,3,2,19,57,612,1
94,1721,4,1,0,19,109,612,1
34,1862,6,1,0,19,52,476,1
40,1444,2,1,0,298,9,171,1
77,1635,5,0,1,19,83,612,1
39,1943,2,3,2,19,85,612,1
49,1301,3,1,2,236,109,99,0
11,1498,2,3,2,19,104,612,1
29,1773,3,3,2,315,20,0,1
57,1832,1,1,2,19,73,612,1
50,1340,4,3,2,171,61,591,1
27,1500,2,3,2,288,104,612,0
57,2210,6,3,2,361,33,543,0
64,1988,8,3,0,19,106,479,1
53,1960,2,3,2,19,127,280,1
104,1576,8,3,0,28,109,206,0
49,1906,7,3,2,108,106,612,1
77,2135,1,3,2,19,9,612,1
75,1401,6,0,1,374,38,465,1
76,1515,1,3,0,102,121,612,1
49,1346,4,1,2,19,63,612,1
47,1631,8,3,0,236,52,179,1
81,1094,4,1,2,108,122,606,1
54,1695,5,1,0,19,94,309,1
73,1976,3,1,2,315,38,277,1
90,1512,8,1,0,19,106,137,1
86,1540,2,3,0,187,76,612,1
53,1680,4,3,0,19,109,385,1
27,1492,5,1,2,368,63,342,1
111,1383,4,1,2,19,61,591,1
16,1730,8,3,0,248,109,307,1
29,1580,5,3,2,19,61,554,1
12,1681,4,3,0,19,109,612,1
139,1736,2,0,1,19,76,612,1
103,1729,7,0,1,19,109,392,1
48,1429,2,3,0,108,70,612,1
30,1518,6,3,2,361,83,310,1
36,1727,3,3,0,102,38,277,1
26,1471,2,3,0,315,38,0,1
49,1500,4,1,2,370,61,110,0
89,1577,3,3,2,19,10,612,1
136,2046,2,2,0,19,48,612,1
52,1516,2,1,0,19,93,612,1
90,1565,3,1,0,19,109,99,1
37,1845,1,3,2,311,93,612,1
89,1359,3,1,2,19,61,591,1
60,1285,3,1,0,19,122,612,1
107,1833,4,3,2,108,97,446,1
44,1416,2,3,2,19,109,612,1
7,1573,2,2,2,19,70,612,1
60,1688,8,1,0,103,83,181,1
30,1789,4,3,0,253,109,241,1
49,1792,5,3,2,113,94,144,1
27,1425,4,3,2,108,74,200,1
27,1431,6,3,2,37,90,129,1
41,1617,5,3,2,19,83,1,1
65,1392,2,1,2,18,14,612,0
20,1545,3,3,0,234,38,282,1
93,1455,2,3,2,102,32,0,1
49,1419,2,2,2,19,33,274,1
60,1072,1,1,0,203,68,612,1
38,1807,9,3,0,19,52,137,0
17,1742,6,1,2,187,52,47,1
71,1609,4,3,2,19,109,385,1
67,1567,8,3,2,102,52,569,1
31,1511,3,3,2,341,84,3,1
58,1655,5,3,0,19,58,377,1
31,1800,4,1,2,315,96,501,1
61,2191,5,1,2,56,94,309,1
111,1503,3,3,2,19,50,410,1
113,1174,2,3,2,311,38,0,1
106,2150,2,3,0,361,70,612,1
71,1864,3,3,0,19,109,504,1
29,1352,4,3,2,311,94,132,0
31,1684,6,3,2,37,55,612,1
17,1700,8,3,2,41,106,137,1
70,1285,5,1,0,19,66,612,0
81,1500,8,3,2,377,33,22,1
53,1473,6,3,2,236,102,612,1
47,1307,4,1,2,28,94,132,1
56,1533,7,3,2,236,90,129,1
54,1462,4,3,0,236,59,377,1
16,1730,4,3,0,19,109,385,1
11,1309,5,3,2,19,55,262,1
44,1500,2,3,0,54,104,612,1
15,1678,10,1,2,31,26,612,1
105,1397,6,2,2,19,58,612,1
58,1678,2,3,0,110,70,612,1
35,1174,4,3,0,108,90,322,1
73,1779,2,1,2,19,48,612,1
74,1786,7,3,0,311,106,481,0
13,1871,7,3,2,19,52,569,1
15,1321,7,1,2,202,109,392,1
36,1528,6,3,0,203,104,314,0
52,1641,5,3,0,108,38,181,1
17,1467,6,3,2,19,102,137,1
86,1776,7,3,0,19,17,402,1
91,1404,2,3,2,361,109,612,1
14,1500,2,3,2,19,76,612,0
66,1730,5,3,0,19,17,18,1
96,1910,7,3,0,31,90,181,1
86,1500,4,2,0,19,96,501,1
71,1795,10,1,2,102,8,348,1
53,1831,6,1,2,31,38,21,1
78,1198,6,1,0,211,87,249,1
69,1533,1,1,2,104,120,612,1
40,1363,7,3,0,19,106,612,1
51,1744,2,1,2,248,33,274,1
52,1301,2,3,0,236,109,612,0
75,1893,8,3,2,19,70,58,1
86,1624,4,3,0,315,83,0,1
28,1580,5,3,0,102,90,386,0
48,1607,5,1,0,117,17,18,1
73,1671,2,3,0,19,17,612,1
17,1589,5,1,2,19,83,1,0
29,1650,6,3,0,19,102,535,1
92,2182,6,3,0,37,108,12,1
31,1600,7,3,2,376,109,392,0
56,1719,6,3,0,19,102,380,1
23,1494,3,3,2,102,33,274,1
52,1764,5,1,0,104,90,386,1
87,1480,6,3,2,363,102,148,1
124,1648,3,3,0,316,75,612,1
130,1272,1,0,1,167,53,612,0
2,1055,1,3,0,124,121,612,1
42,973,1,3,0,19,121,612,1
69,2340,4,1,2,19,94,53,1
33,1430,3,1,2,19,109,99,0
33,1539,9,3,2,108,90,440,0
98,1633,5,3,0,19,83,1,1
53,1839,5,3,2,315,55,612,1
93,1129,5,1,2,19,50,48,1
59,2298,8,3,2,377,17,137,1
57,1710,3,3,2,350,109,530,1
21,1200,3,3,2,19,38,277,1
16,1622,3,2,0,102,55,612,1
48,1408,6,1,0,236,52,47,1
124,1283,5,1,0,361,109,381,0
25,1151,9,3,0,253,11,467,1
11,1681,4,3,2,199,90,322,1
43,1407,4,3,2,37,104,349,1
77,1369,2,3,0,19,127,280,1
90,1133,3,3,0,102,109,99,0
39,1210,2,1,2,19,42,612,1
3,1658,3,2,2,311,59,612,0
67,1702,3,3,0,19,94,326,1
60,1130,6,1,0,19,55,612,1
109,2214,2,0,1,248,9,171,1
40,1532,3,3,0,19,17,233,1
57,2105,6,1,2,311,90,375,1
86,1524,3,2,0,311,109,99,1
71,1392,6,3,2,19,52,47,1
39,2213,3,1,2,19,38,377,1
73,1776,3,1,2,19,94,610,1
43,1758,4,3,2,19,94,132,1
52,1780,7,3,0,311,83,182,1
63,1626,2,3,0,19,73,247,1
31,1360,5,3,2,31,74,297,1
46,1455,7,3,0,102,17,18,1
63,1500,7,3,2,108,17,18,0
40,2126,8,3,0,311,36,485,1
124,2127,2,3,0,311,50,612,1
137,2070,8,0,1,238,109,193,1
39,1370,5,1,2,236,83,612,0
50,1289,1,3,0,187,86,612,1
6,1104,2,3,2,108,33,274,0
89,1947,8,1,2,264,115,473,0
33,1831,3,1,2,315,61,299,1
97,1780,4,3,2,19,96,501,1
95,1764,4,1,2,21,61,110,1
36,1913,2,3,0,19,38,0,1
113,1589,7,3,0,19,106,612,1
96,1211,6,1,0,103,94,144,1
51,1336,8,3,2,187,36,248,1
55,1709,2,3,0,197,79,612,0
16,1393,6,3,0,108,52,47,1
71,1600,6,1,2,19,20,377,1
59,1595,10,1,2,65,38,18,1
55,2108,5,1,2,315,83,1,1
115,1488,3,2,2,19,38,282,1
54,1705,6,3,0,19,102,535,1
73,1258,3,1,2,108,109,141,1
11,1681,3,3,2,138,109,141,1
122,1584,4,1,0,37,59,377,0
43,1758,4,3,2,19,94,132,1
60,1325,2,3,0,361,48,612,1
54,1604,5,3,2,378,83,612,1
84,1548,6,3,0,108,72,612,1
65,1884,6,3,2,19,74,472,1
32,2073,9,3,0,104,7,604,1
11,1252,3,1,2,19,10,612,1
34,1415,3,3,2,248,109,99,1
72,1829,2,3,0,102,70,612,1
56,1738,5,3,0,19,109,156,1
117,1686,7,1,2,19,106,612,1
61,1663,4,1,2,187,94,534,0
58,1499,3,1,0,19,10,612,1
60,1215,3,3,0,377,109,530,1
50,1913,1,3,2,102,39,612,0
51,1641,5,1,2,311,74,472,1
30,1514,8,3,0,108,52,137,0
73,2028,2,3,2,344,33,543,1
57,1493,3,1,2,19,38,377,1
129,1437,1,3,2,303,39,612,1
46,1736,4,1,0,102,10,76,1
78,1146,5,1,0,31,106,612,1
52,1358,5,1,0,19,101,575,1
96,1506,3,1,0,19,61,591,0
30,1629,6,1,0,314,102,535,1
53,1406,9,2,2,19,17,32,1
83,1226,4,1,2,19,10,76,1
110,1500,3,1,0,248,109,530,0
65,1500,5,1,2,315,109,157,1
103,2283,4,0,1,248,109,139,1
101,1617,1,3,2,19,121,612,1
96,2068,4,3,0,19,90,612,0
62,1486,5,2,0,361,126,612,1
69,1703,4,3,0,104,99,612,0
145,1964,10,2,1,102,38,465,1
60,1510,2,3,0,361,127,432,1
100,1519,4,0,1,19,109,612,0
88,1704,4,1,0,104,10,76,1
40,1923,6,3,0,315,83,183,1
47,1636,4,1,2,117,104,337,1
130,1128,2,1,0,388,49,543,0
59,1672,3,3,2,19,109,504,1
44,1320,4,1,0,19,73,350,1
96,1585,3,3,0,352,75,612,1
111,1347,7,1,2,19,36,248,1
61,1835,7,3,2,88,83,182,0
59,1507,2,3,0,19,34,612,1
53,1500,6,3,0,325,87,249,0
34,1497,2,1,0,37,79,612,1
50,1136,1,3,0,147,68,612,0
79,1775,4,2,2,311,109,206,1
83,1803,10,2,2,19,109,362,1
134,1910,8,3,0,19,38,548,1
27,1336,2,1,2,108,70,612,0
68,1458,1,3,2,358,103,612,1
69,1461,5,1,2,19,95,577,1
91,1902,6,3,2,19,7,612,1
67,1914,8,3,2,19,102,76,1
59,1318,2,3,2,19,79,612,0
53,1617,9,3,2,19,102,357,1
47,1592,6,1,2,102,106,308,1
37,1646,6,3,0,117,102,535,0
30,1715,7,1,0,223,17,18,1
49,1724,5,2,2,361,8,74,1
64,1299,3,1,0,19,109,99,1
48,1298,3,3,0,360,38,277,1
73,1557,9,3,2,108,55,612,1
57,1158,7,1,2,19,83,182,1
70,1328,6,1,0,102,102,77,1
45,1253,6,1,2,19,83,183,1
84,1525,5,3,0,19,66,612,1
34,1253,3,3,0,236,61,363,0
11,1510,1,3,2,19,121,612,1
86,1442,3,1,0,19,109,612,1
66,1236,3,3,0,322,17,100,1
41,1826,2,3,2,19,70,612,0
24,1061,3,2,0,188,61,299,1
43,1386,1,0,1,19,49,612,1
2,1761,2,2,0,19,109,612,0
70,1200,4,3,0,54,10,414,0
74,1500,3,3,0,315,38,377,0
65,1343,4,1,2,187,73,350,0
18,1244,4,3,0,19,82,612,1
23,1645,5,3,2,357,83,612,1
72,1895,4,3,0,361,109,385,1
77,1854,7,3,0,315,106,612,1
78,1496,2,3,0,361,86,543,1
37,1911,1,0,1,19,9,612,1
37,1693,3,1,2,38,94,326,0
71,1853,3,1,2,19,75,612,1
48,1142,6,3,2,108,82,1,1
35,1935,7,3,2,19,106,612,1
38,1849,5,3,2,19,106,612,0
46,1424,6,0,1,19,102,77,1
59,1900,9,3,2,26,102,357,1
16,1752,3,3,2,350,38,277,0
126,1622,3,0,1,350,94,132,1
57,2264,5,1,2,187,94,309,0
41,1773,5,3,2,311,101,575,1
51,1936,6,0,1,19,90,129,1
35,1189,4,0,1,19,0,353,1
70,1812,3,1,0,19,94,610,0
63,1482,5,2,2,31,82,0,1
90,1534,3,1,0,20,38,434,1
53,1421,5,3,2,19,109,285,1
47,1410,2,1,2,108,79,612,1
71,1877,4,1,2,19,109,612,1
20,1253,2,3,0,108,109,612,1
99,1646,8,3,2,19,109,213,1
46,1231,3,3,0,361,61,363,1
60,2011,3,1,0,19,94,610,1
32,1342,9,3,0,19,52,211,1
78,1492,3,1,0,298,33,274,1
113,1750,4,3,2,108,61,110,1
37,1890,2,3,0,108,33,122,1
125,1848,4,3,2,26,104,349,1
86,1511,3,2,0,303,61,591,1
62,1417,2,3,0,108,109,612,1
27,1987,7,3,0,29,82,2,0
39,1581,3,3,2,200,94,0,1
19,2294,7,1,2,19,106,612,0
2,1633,2,2,0,26,61,612,1
65,1239,5,1,2,323,83,1,1
35,1385,5,1,2,196,83,1,1
68,2211,4,3,0,19,50,449,1
92,1876,7,3,0,393,52,138,1
95,2116,8,1,2,19,72,137,1
82,2025,6,3,0,344,104,425,1
79,1708,2,3,2,19,84,2,1
33,1770,3,3,2,19,94,610,1
62,1828,5,3,0,19,74,263,1
97,1213,2,1,2,19,48,612,1
30,1368,5,3,0,37,87,612,1
71,1435,7,2,2,19,52,211,0
73,1847,5,3,2,102,83,612,1
29,1523,7,3,0,19,36,248,1
29,1699,2,2,2,311,33,122,1
82,1697,5,1,0,102,86,551,0
58,1510,6,3,0,128,102,83,1
78,1500,4,3,2,32,33,40,0
51,1500,6,3,2,95,104,314,0
54,1825,3,3,0,107,38,282,1
74,1606,3,2,0,108,109,99,1
2,1646,2,0,1,158,50,612,1
36,1578,9,3,0,117,109,256,1
75,1500,2,3,2,102,127,493,0
81,1500,6,3,2,19,102,535,0
74,1513,5,3,0,19,101,575,0
66,1112,3,1,0,21,38,277,1
86,1232,2,1,0,359,104,612,1
39,1767,5,1,2,359,110,0,1
102,1280,3,1,0,37,94,610,0
39,1569,2,1,2,215,73,137,1
113,1597,8,3,2,189,52,211,1
104,1550,8,1,0,108,52,569,1
83,1669,2,3,2,224,127,171,1
41,2247,6,1,2,311,109,600,1
78,1458,9,1,0,19,0,181,1
50,1500,4,3,0,41,59,377,1
117,1897,4,2,2,361,94,543,1
62,1110,1,1,0,19,121,612,1
80,1614,8,1,0,67,52,211,0
104,1904,6,1,0,19,17,568,1
58,1133,3,1,0,19,88,612,0
120,1600,2,3,0,19,70,612,1
66,1714,4,1,0,31,104,337,1
129,1779,5,2,2,19,33,340,1
38,1726,5,3,0,19,109,242,0
21,1569,9,1,2,350,52,569,1
74,1035,7,3,0,309,20,406,1
54,1653,3,3,0,37,33,559,0
35,1997,4,3,2,102,96,501,1
47,1406,6,1,2,298,90,131,0
10,1414,4,0,1,26,99,612,1
71,1467,3,3,2,317,61,334,1
68,1719,5,1,0,361,102,612,1
41,1383,4,3,2,108,30,612,1
112,1460,2,2,0,19,50,612,1
28,1139,5,1,0,108,106,612,1
74,1712,4,3,0,19,109,385,1
87,1728,6,2,2,19,77,151,1
26,1189,5,3,0,315,94,144,1
41,1703,5,2,2,108,38,181,1
33,1558,4,3,2,19,104,337,1
40,1904,4,1,0,253,109,385,0
61,1704,3,3,2,315,94,0,1
75,2043,4,3,2,104,32,612,1
53,2008,10,2,2,19,58,470,1
39,1770,5,1,2,19,90,386,1
21,1821,5,3,2,211,17,181,0
96,1878,7,3,0,19,110,561,1
29,1610,5,3,2,19,109,390,1
49,1538,3,1,2,19,122,612,1
19,2134,8,3,2,104,106,232,1
47,1598,5,3,2,203,109,371,1
51,1311,4,3,2,19,61,80,0
42,2018,4,3,0,361,33,274,0
61,1433,1,3,2,19,103,612,1
30,1318,10,3,0,19,52,569,1
55,1808,1,1,2,158,121,612,0
38,2020,6,3,0,19,26,612,1
27,1405,3,3,2,19,94,132,1
71,1958,2,0,1,248,50,612,1
114,1693,4,0,1,19,50,592,1
41,1500,5,3,2,19,74,263,0
77,1803,6,1,2,102,102,582,1
84,1530,3,3,0,19,38,277,1
48,1653,6,3,0,19,104,314,1
75,1559,2,2,2,19,28,612,0
25,1500,3,1,2,19,10,612,1
108,1720,4,1,0,19,61,330,1
94,1755,5,1,0,19,52,612,1
63,2267,1,1,2,374,103,612,1
92,1155,4,3,0,19,82,612,1
59,1500,7,3,2,313,22,0,0
43,1633,5,3,2,20,58,377,1
31,1500,4,0,1,102,90,129,1
105,1790,6,3,2,31,90,459,1
47,1383,4,1,2,19,31,612,1
81,1710,1,1,2,187,120,612,1
73,1500,3,1,2,102,127,556,0
48,1729,1,3,2,108,93,612,1
47,1552,9,0,1,102,109,9,1
50,1438,2,1,0,311,70,612,1
65,1955,10,1,2,19,52,569,1
47,1662,3,1,2,225,109,99,1
25,1795,6,1,2,187,52,569,1
90,1801,3,1,0,19,109,504,1
29,1975,10,0,1,136,102,181,1
104,1408,2,1,0,40,48,612,1
24,1542,5,3,0,102,106,612,1
75,1940,9,3,2,19,108,314,1
52,1509,5,3,0,19,94,309,1
85,1558,3,3,2,102,61,591,1
64,1537,2,3,0,315,48,612,1
41,1600,7,3,2,21,102,76,0
40,1499,2,3,0,304,50,612,1
33,1791,4,1,2,311,90,322,0
61,1627,3,3,2,104,109,99,1
36,1640,1,3,2,102,73,612,1
75,1253,6,1,2,19,90,125,1
62,1892,7,3,0,19,17,18,1
84,1810,9,3,0,19,90,490,1
21,1987,7,1,2,102,101,257,0
55,1368,8,3,0,19,110,438,1
42,1308,2,3,0,361,32,0,1
65,1500,8,3,2,19,102,357,0
57,1352,3,3,2,374,94,0,1
35,1670,3,3,2,236,10,612,1
50,1173,3,2,0,108,109,530,1
35,1580,3,3,0,236,38,282,1
30,1512,3,3,2,324,38,377,1
63,2040,10,3,2,374,109,420,1
58,1335,6,1,0,108,72,612,1
37,1500,10,1,2,37,102,357,0
102,2013,3,3,0,19,33,41,1
63,1976,10,3,2,355,109,420,1
21,1668,5,1,2,128,84,0,1
80,1747,4,2,0,19,90,57,1
95,1443,2,1,2,374,70,612,1
2,1491,2,2,0,3,73,137,1
49,1832,4,3,2,37,96,61,1
100,1508,3,1,0,19,38,282,1
113,1731,3,3,2,54,109,28,1
99,1119,1,2,2,31,9,612,1
101,1394,5,1,2,19,102,612,1
42,1362,3,1,0,41,61,591,1
76,1545,6,2,0,31,52,240,1
38,1704,4,1,0,363,110,612,1
53,1497,3,1,2,19,127,556,1
76,1575,10,3,0,19,58,470,1
53,2000,5,3,2,361,110,181,0
62,1757,3,3,0,19,109,28,1
44,1606,4,2,0,19,94,132,1
30,2012,6,3,0,19,38,548,1
133,1520,7,0,1,361,106,612,1
77,1954,2,3,2,295,33,216,1
26,1652,2,0,1,21,50,612,0
68,1257,3,1,0,315,94,0,0
44,1876,10,1,0,19,109,166,1
142,1099,2,1,0,19,70,612,0
89,1538,6,3,2,102,109,206,1
88,1548,5,3,0,234,52,612,1
17,1252,1,3,2,298,93,612,1
26,1353,6,3,0,102,104,244,1
28,1967,2,3,2,295,127,500,1
22,1607,7,3,0,19,38,17,1
42,1805,2,3,0,19,29,612,1
54,1957,7,3,0,14,90,561,1
83,1629,4,3,0,19,94,286,1
93,1508,2,2,2,314,48,612,0
59,1140,3,2,2,19,38,282,1
57,1500,1,3,2,19,49,612,0
130,1228,3,1,0,19,61,591,1
138,1663,5,0,1,19,110,0,1
27,999,4,3,0,315,61,152,1
92,1375,3,1,0,350,38,282,0
30,1759,2,1,0,19,93,612,1
53,2170,8,1,2,102,83,29,0
51,2025,5,3,2,219,70,563,1
80,1200,2,3,0,117,94,612,1
80,1178,2,3,0,41,0,612,1
30,2130,10,1,0,199,52,569,1
28,1549,4,3,0,298,17,612,1
141,1976,4,3,2,355,59,377,1
38,1730,8,1,0,117,52,569,1
29,1257,4,1,2,19,31,612,1
74,1563,6,3,2,58,96,10,1
44,1577,2,1,0,390,38,0,1
136,2054,1,1,0,19,49,612,1
57,1982,4,3,0,361,109,385,1
115,1196,4,1,2,370,83,0,1
14,1279,1,3,0,380,73,612,1
100,1381,3,1,0,187,109,28,1
57,1500,3,3,2,329,109,504,0
67,1175,5,1,2,19,101,560,1
20,1240,7,3,0,28,102,181,1
99,1788,4,1,2,19,49,123,1
31,1729,10,3,2,37,57,588,1
53,1397,2,3,2,374,70,612,1
131,2273,1,1,2,19,103,612,1
65,1829,4,3,2,19,74,596,1
46,1400,2,3,2,104,127,87,0
111,1692,5,1,2,19,73,351,0
88,1353,4,3,0,377,94,1,1
61,1903,3,3,2,311,94,610,1
9,1513,4,3,0,374,90,322,0
31,1877,9,3,0,102,38,181,1
69,1783,4,1,2,377,109,612,1
45,1594,8,1,2,102,36,516,0
8,1631,2,3,0,19,32,0,1
17,1733,4,1,2,104,61,591,1
18,1515,2,3,0,19,79,612,0
122,1666,10,0,1,223,17,401,1
49,1963,6,3,2,19,31,407,1
30,2081,4,2,0,314,109,385,1
118,1474,5,3,0,19,52,612,1
39,1562,6,3,2,19,0,612,1
52,1348,6,3,0,19,109,0,1
22,1155,4,3,0,54,104,337,1
48,1076,5,1,0,316,38,181,0
17,1749,2,3,2,329,104,612,1
77,1920,5,1,2,361,17,181,1
33,2029,7,3,2,19,44,538,1
78,1257,5,1,0,117,98,612,0
59,1500,3,3,2,236,94,132,0
51,1666,2,3,2,19,33,41,1
56,1242,9,1,0,150,72,7,1
69,1631,4,3,0,19,109,612,1
66,1277,2,3,0,311,113,612,1
80,1271,6,1,0,102,87,249,1
53,1466,4,1,2,19,94,53,1
35,1480,10,3,2,109,109,362,1
106,1653,3,1,0,19,109,99,1
61,2022,5,3,2,315,55,612,1
38,1735,2,2,0,37,32,0,1
74,1650,4,3,0,295,109,385,1
48,1556,3,3,0,236,94,326,1
38,1731,3,1,0,361,38,377,1
52,1559,6,3,0,19,109,202,1
27,1591,3,2,2,321,10,612,1
116,1643,5,2,0,19,101,560,1
32,1801,5,3,0,19,29,435,1
6,1500,1,1,0,236,49,612,0
64,1173,4,1,0,350,38,612,1
86,1285,4,2,0,19,61,152,1
33,1691,8,3,2,41,106,137,1
38,1730,8,1,0,117,52,569,1
61,1461,4,3,2,19,104,337,1
55,1837,7,1,2,19,109,392,1
20,1787,6,3,0,315,110,1,1
92,1867,8,3,0,117,106,137,1
72,1629,8,3,0,19,109,9,1
125,1804,4,3,0,19,96,501,1
106,1730,4,1,0,31,109,385,1
49,1642,8,3,2,20,102,76,1
53,1839,5,1,2,108,17,18,1
47,1904,2,1,2,19,79,612,1
82,1698,4,3,2,19,17,612,1
127,1381,2,1,2,350,70,612,0
65,1950,2,0,1,21,97,612,0
97,1740,10,1,2,19,72,377,1
71,1849,2,1,2,248,33,274,1
36,1523,3,3,0,19,17,100,1
34,1554,2,3,0,361,38,0,1
36,1351,7,3,2,19,36,248,1
57,1288,4,1,2,19,61,591,1
41,1425,2,3,2,19,79,612,1
51,1718,4,1,2,19,45,612,1
45,1332,3,3,2,102,109,101,0
55,1874,9,3,2,19,101,356,0
89,1971,4,1,2,19,99,612,1
36,1954,10,3,2,102,102,181,1
15,1486,4,3,2,108,96,61,1
36,1690,3,3,2,104,94,326,1
62,1906,7,1,0,37,52,138,1
86,1613,3,1,0,19,109,530,1
54,1135,4,3,0,315,94,53,1
107,1712,7,2,2,187,106,612,0
80,1340,2,1,0,102,127,280,1
43,1566,2,3,2,361,33,274,1
63,1621,5,3,2,38,38,181,1
76,1529,2,3,0,19,17,612,1
33,1790,6,3,2,104,38,324,1
56,1627,6,0,1,102,55,612,1
102,1518,8,3,0,19,102,357,1
82,1673,2,2,0,19,0,612,1
40,1563,3,3,0,236,38,377,1
78,1593,6,2,0,19,40,612,1
57,2154,2,3,2,19,127,436,1
29,1457,3,3,2,315,61,299,1
115,1932,5,2,2,19,58,377,1
92,2232,8,3,0,295,52,211,1
71,1613,5,3,2,253,106,612,1
28,1211,3,1,0,102,23,612,0
45,1639,2,1,2,21,33,274,1
115,1015,4,1,2,311,109,139,0
27,2084,9,1,2,19,19,141,1
54,1709,2,1,0,348,48,612,1
39,1589,3,1,2,390,10,612,1
56,1552,2,3,0,19,33,43,1
10,1675,1,3,0,19,43,612,0
16,1455,5,3,2,108,38,20,1
109,1227,7,1,2,114,36,248,1
60,1614,5,1,0,19,94,309,1
141,1976,4,3,2,355,59,377,1
51,1714,6,3,2,19,104,314,1
102,1724,3,2,0,19,38,377,1
55,1870,3,3,2,261,17,233,1
131,1552,3,0,1,19,61,334,1
66,1806,5,3,0,350,106,612,0
26,1268,4,3,0,311,94,132,1
127,1451,4,3,0,187,109,612,1
23,1302,4,3,0,110,90,322,0
51,1428,3,2,2,19,109,530,1
30,1320,1,3,2,102,120,612,0
13,1653,4,3,2,311,59,377,0
47,1198,1,1,2,47,93,612,1
51,1909,10,3,2,19,17,552,1
118,1557,7,1,0,108,90,561,1
39,1500,4,1,2,19,35,510,1
32,1364,3,1,0,236,94,0,1
106,1905,5,3,0,311,109,381,1
31,1424,1,1,2,311,49,612,1
47,2287,2,3,2,311,48,612,1
52,1984,8,3,0,381,109,352,1
104,1669,4,3,0,248,109,385,1
35,2155,2,1,2,19,70,612,0
86,1746,5,2,0,19,50,309,1
90,1501,5,3,0,19,83,1,0
30,1359,2,3,0,102,69,612,0
79,1464,4,1,2,384,61,317,0
66,1591,3,3,0,43,61,591,1
122,1442,3,0,1,187,109,530,1
74,1769,2,1,0,311,33,216,1
37,1801,1,3,2,19,49,612,1
29,1525,6,3,2,19,83,310,1
44,1298,2,1,0,273,50,612,1
70,1375,6,3,0,19,102,535,1
18,1862,5,2,0,315,84,0,0
82,1609,2,3,0,19,33,22,0
88,1519,7,0,1,350,90,181,1
33,1457,6,3,2,19,109,381,1
56,1560,5,3,0,19,83,1,1
43,1796,8,1,2,19,109,390,1
19,1283,3,3,0,19,109,504,1
37,1584,7,1,2,102,36,484,1
68,1922,8,3,2,187,102,357,1
68,1871,9,3,0,107,72,470,1
132,1847,7,1,0,19,110,96,1
117,1993,8,2,2,108,72,441,1
55,1779,4,3,0,19,104,349,1
33,1201,5,3,0,374,109,381,1
41,1577,2,1,2,19,33,43,1
42,1442,1,3,2,356,9,612,0
19,1479,3,3,0,19,38,377,1
29,1913,8,3,2,19,84,137,1
49,1994,5,1,2,28,109,600,1
54,2189,6,3,0,110,72,612,1
80,1656,4,3,0,110,90,322,1
33,1988,2,3,2,19,127,432,1
33,1728,7,3,2,311,20,406,1
118,1713,3,3,0,327,94,326,1
7,1245,3,2,2,102,38,434,1
30,1227,2,1,0,19,104,612,1
50,2036,6,3,0,19,57,206,1
2,1765,1,3,2,380,73,612,1
28,1500,1,1,0,236,43,612,0
53,1825,2,1,2,19,38,0,1
61,1339,4,1,2,19,61,152,1
36,1350,6,3,0,19,102,83,0
33,1428,4,0,1,377,83,0,1
20,1500,2,3,0,298,104,612,0
85,1663,2,3,2,37,73,247,1
20,1512,8,1,0,19,106,137,1
43,1704,10,3,2,102,102,357,1
33,1612,9,3,2,374,38,18,1
30,1345,6,1,0,41,20,377,1
52,1681,3,3,2,311,61,363,1
24,1319,3,1,0,19,94,0,0
60,1492,4,1,0,19,109,385,1
112,1678,2,1,0,211,17,612,1
20,1845,6,3,0,41,55,612,1
38,1293,5,1,0,108,83,1,0
7,1230,3,1,2,352,17,233,1
128,1702,8,1,0,197,20,75,1
52,1453,4,3,0,19,90,322,1
52,1363,5,3,0,120,38,181,1
63,1667,4,1,2,19,17,612,1
81,1386,6,1,2,108,20,377,1
65,1722,4,1,2,19,104,337,1
120,1812,2,2,0,19,29,612,0
73,1897,8,3,2,37,17,258,1
55,1291,2,3,2,19,127,493,1
47,1334,4,3,2,117,50,172,1
83,1720,5,3,2,259,74,472,1
35,1500,3,3,2,19,94,0,0
85,1840,4,1,2,238,10,95,1
55,1167,4,3,2,362,61,80,1
39,1401,5,3,2,19,0,0,1
66,1536,7,1,0,21,38,18,0
59,1762,6,3,2,26,55,612,1
89,1268,6,3,2,19,40,612,1
55,1299,3,3,0,324,94,610,1
89,1547,3,3,0,19,109,28,1
58,1275,2,3,0,19,104,612,1
121,1121,2,1,2,108,84,2,1
42,1450,3,3,0,388,109,530,1
118,1453,3,3,2,19,127,450,1
57,1545,4,3,2,88,109,206,1
81,1747,6,0,1,21,102,148,0
52,2202,9,3,2,355,109,9,1
97,1951,5,3,2,19,110,181,0
131,1586,8,1,2,19,38,18,1
35,2264,9,1,2,19,109,256,0
55,1594,4,3,2,19,90,612,1
85,2213,8,3,2,19,104,348,1
51,1676,2,3,2,312,17,612,1
59,1730,6,1,2,19,109,0,1
78,1327,3,1,0,102,38,533,1
58,1289,1,1,0,360,121,612,1
133,1208,4,3,0,19,90,612,1
101,1912,3,3,2,19,38,282,1
147,1536,5,1,2,19,74,263,1
43,1604,7,3,2,19,106,612,1
30,1365,4,3,0,19,104,337,1
14,1387,10,3,0,102,106,345,1
74,1064,1,2,0,19,121,612,1
42,1538,9,3,0,104,44,561,1
34,1802,4,1,0,19,109,612,1
69,1527,6,3,2,19,83,2,1
53,1808,6,3,2,19,8,237,0
80,1693,3,1,0,19,0,254,1
39,1585,5,3,2,19,90,386,0
56,1669,2,1,0,19,48,612,1
126,1669,2,3,0,31,70,612,1
29,1596,7,3,2,359,52,569,1
17,1176,2,3,2,311,74,612,0
53,1789,5,3,2,360,118,136,1
20,1501,3,3,0,19,38,282,0
22,1873,7,3,2,107,90,561,1
63,1588,4,1,2,361,90,612,1
111,1466,3,3,2,102,33,274,1
94,1945,5,3,0,19,58,377,1
77,1476,2,1,2,311,33,22,1
63,1663,3,3,2,19,109,99,1
47,1703,4,3,2,229,127,584,1
18,1452,2,1,0,311,127,87,1
120,1857,8,2,0,19,109,9,1
37,2146,4,3,2,298,94,543,1
61,1820,7,3,2,19,110,561,1
42,1572,4,2,0,19,104,337,1
114,1424,7,3,0,187,52,569,1
7,1329,3,3,2,315,61,591,1
145,1936,10,1,2,104,104,137,1
47,1245,6,1,2,19,69,117,1
138,1650,4,2,0,19,61,330,1
113,1822,5,2,2,361,52,612,1
13,1291,4,3,2,187,61,591,1
17,1390,3,3,2,102,94,0,0
73,1951,5,3,2,19,90,386,0
43,1521,5,1,2,350,90,468,1
41,1202,1,3,0,161,93,612,0
57,2016,5,2,2,19,17,568,1
98,1557,4,0,1,225,10,76,1
42,1694,8,3,0,102,52,211,1
100,1289,5,0,1,187,83,612,1
67,1351,2,2,2,108,84,2,1
75,1300,4,1,2,350,61,110,0
42,1058,2,3,0,19,104,612,1
86,1853,2,1,0,19,48,612,1
60,1524,8,3,2,108,36,248,0
80,1615,1,3,0,199,121,612,1
41,1481,3,3,2,102,109,99,1
39,1365,5,3,2,19,17,18,0
32,1362,4,3,2,21,109,385,1
13,2192,6,3,2,82,87,249,0
73,1400,2,1,2,104,127,432,0
50,1526,2,1,0,311,109,612,1
72,1841,2,3,0,19,109,612,1
39,1372,2,1,2,19,127,432,1
67,1683,5,3,2,19,83,1,1
35,1662,6,3,2,19,55,612,1
34,1645,3,3,0,19,109,99,0
62,1828,5,3,0,19,109,382,1
59,1171,7,1,2,19,33,274,1
40,1502,2,3,0,19,33,22,1
88,1764,4,1,0,303,109,612,1
34,1621,7,3,0,108,84,55,0
15,1500,6,1,2,19,102,77,0
53,1659,4,3,2,215,99,612,1
39,1499,1,3,2,298,9,612,1
63,1945,2,2,2,19,17,612,1
52,1561,9,3,0,236,38,181,1
58,1268,1,3,0,102,121,612,0
47,1517,5,3,2,102,83,612,1
4,1533,1,1,0,19,9,612,1
65,1099,3,2,2,19,80,612,1
54,1430,6,0,1,19,104,314,0
18,1657,10,3,2,186,52,569,1
20,1290,5,3,2,19,38,571,0
7,2222,4,3,2,19,104,337,1
57,1514,6,1,2,19,55,612,1
121,1933,4,2,2,19,30,612,1
2,1324,2,3,2,315,74,612,1
23,1152,1,3,2,19,68,612,1
36,1565,5,3,0,19,17,18,1
73,1667,3,3,2,19,109,331,1
59,2060,7,3,2,311,17,18,1
57,1535,2,3,2,315,48,612,1
96,1549,5,3,0,37,116,612,0
56,1569,4,3,0,19,109,385,1
107,1412,5,1,2,356,38,181,0
34,1654,5,3,0,199,72,0,1
50,1746,5,2,0,102,84,0,1
49,1525,6,3,0,28,109,243,1
49,1654,4,1,2,102,109,385,1
122,1024,1,1,0,211,68,612,1
43,1436,4,3,2,19,96,501,1
20,1018,4,3,0,19,0,377,0
46,1645,3,1,0,19,109,141,1
40,1283,6,3,0,19,109,382,1
100,1357,4,3,0,315,109,385,1
70,2119,4,3,0,102,109,141,0
13,1286,2,3,2,19,48,612,0
37,1152,1,3,0,327,125,612,1
71,1738,9,3,2,248,102,181,1
57,1480,8,3,2,19,36,248,0
15,1485,2,3,2,311,109,612,1
37,2013,5,3,2,2,109,612,1
64,1500,2,2,0,19,33,216,0
11,1147,3,3,0,102,61,591,1
3,1708,2,3,2,102,34,612,0
45,1210,1,3,0,19,121,612,1
125,2088,2,1,2,19,33,274,1
30,1536,5,1,0,19,120,363,1
42,1500,2,1,0,102,50,612,0
49,1950,2,3,2,21,127,87,0
146,1732,5,3,0,19,74,263,0
49,2199,7,1,2,17,92,259,1
53,1253,5,1,2,108,84,0,0
26,1054,1,3,0,108,49,612,1
44,1169,1,3,0,2,112,612,0
64,1773,5,1,0,37,94,309,1
62,1328,2,3,2,121,84,2,1
87,1580,2,2,2,19,33,43,0
42,1562,2,3,0,84,50,612,0
80,1088,5,3,0,108,98,612,1
48,1562,1,3,0,84,1,612,0
15,1500,9,3,2,19,11,467,0
37,1329,6,1,2,19,102,148,1
44,1196,3,3,0,108,94,326,1
64,1303,10,1,0,350,102,142,1
76,1355,2,1,0,19,104,612,1
1,1431,1,3,2,19,60,612,1
43,1824,2,1,2,19,48,612,1
42,1333,3,3,2,56,17,233,1
40,1895,10,2,0,91,102,181,1
72,1365,2,1,0,203,73,348,1
40,1611,9,1,0,19,52,211,1
84,1508,3,3,0,19,94,326,1
97,2264,9,2,2,102,72,192,0
33,1575,4,1,2,390,10,76,1
22,1242,3,2,0,37,109,504,1
34,1244,2,1,0,315,104,612,1
14,1654,4,3,2,323,61,110,1
20,1175,1,1,0,372,125,612,1
58,2120,9,3,0,102,102,357,1
42,1145,7,3,0,315,36,516,1
107,1817,7,2,2,19,36,248,1
13,1688,3,3,2,311,109,612,1
100,1554,1,3,0,108,49,612,1
104,1654,4,3,0,187,94,1,1
116,1554,2,1,0,199,38,0,1
47,1800,5,3,2,315,83,1,1
74,1900,3,1,0,56,109,333,1
101,1819,5,3,2,21,38,181,1
70,1851,5,3,0,19,38,181,1
83,1905,5,1,2,19,94,540,1
46,1346,2,1,0,327,69,612,0
94,1916,5,1,0,19,109,157,1
43,2166,2,3,2,19,70,612,1
23,1419,4,3,2,152,61,317,1
113,1079,4,2,2,19,61,110,0
31,2167,9,3,2,19,55,612,1
81,1726,5,2,2,19,83,612,1
54,1656,8,3,0,19,109,408,1
45,1805,7,1,2,19,90,30,1
43,1747,4,3,2,104,110,612,1
53,1359,8,3,2,102,52,569,1
9,1393,6,1,2,187,101,153,1
76,1944,5,0,1,19,17,18,1
44,1134,9,1,0,108,52,211,0
67,1678,4,3,2,19,57,542,1
25,1453,7,3,2,19,102,181,1
4,1616,4,3,0,102,109,612,1
42,1002,2,1,0,350,48,612,1
51,1443,4,1,2,102,10,76,1
41,1500,5,3,2,102,43,521,0
133,2188,6,3,0,236,102,77,1
47,1738,4,1,2,236,90,322,0
99,1628,9,1,2,19,102,357,1
14,1492,5,3,0,19,33,120,1
93,1864,9,0,1,393,109,408,1
131,1892,2,2,2,361,48,612,1
51,1810,4,3,2,104,109,385,1
147,1536,5,1,2,19,74,263,1
44,1335,3,1,0,102,38,82,1
110,1679,7,3,0,312,106,612,1
5,1894,1,1,2,19,121,612,1
30,1414,8,3,0,19,83,293,1
39,1664,4,1,2,19,104,337,1
71,1500,1,1,2,315,121,612,0
56,2226,5,2,0,117,94,309,1
21,1228,3,1,2,182,61,591,1
2,981,2,3,0,315,94,612,1
90,1655,4,3,0,19,109,385,1
23,1559,3,1,2,19,109,530,1
76,2162,4,3,0,189,109,139,1
53,1523,2,3,2,19,84,2,0
42,1548,5,3,0,102,94,309,0
66,1882,3,3,0,311,33,543,1
71,1110,1,2,2,4,97,612,0
22,1978,6,3,0,312,104,403,0
94,1698,2,1,0,350,17,612,1
44,1336,6,3,0,19,104,314,1
82,1255,3,1,0,19,109,504,1
15,1413,2,3,2,19,48,612,1
55,1833,4,1,2,64,78,612,0
101,1127,3,2,2,19,61,591,1
82,1096,5,1,0,370,101,575,1
61,1830,8,2,2,55,106,479,0
54,1415,4,2,0,19,61,152,1
11,1301,7,3,2,238,36,484,1
21,1398,5,3,0,102,20,612,1
15,1560,2,1,2,102,69,612,1
79,2045,5,2,2,19,84,0,0
52,1500,2,1,0,325,94,612,0
20,1464,3,3,0,19,127,556,1
75,1386,6,1,2,241,102,148,1
90,1577,3,1,0,187,94,610,1
73,1480,4,3,2,298,59,377,1
110,1128,3,3,0,361,61,363,1
28,1519,9,3,2,102,26,612,0
67,2291,5,3,2,102,74,263,0
119,1651,3,3,2,315,88,612,1
51,1732,4,3,2,19,109,385,1
19,1426,9,1,2,19,52,137,1
39,1519,10,1,2,19,11,555,1
15,1445,8,3,2,19,36,516,1
44,1479,4,1,0,19,83,0,1
55,1676,5,3,2,19,52,612,1
89,1859,4,3,2,213,78,612,1
29,1821,9,3,2,19,58,377,1
19,1268,3,1,2,19,10,612,0
54,1259,3,3,0,361,38,282,0
103,1316,4,2,2,19,0,377,1
73,1411,3,3,2,78,38,377,1
49,1405,4,1,2,19,94,132,1
57,1553,4,3,2,311,83,0,1
39,1414,6,3,0,19,102,77,0
15,1809,7,3,2,26,106,612,1
64,1788,5,1,0,311,0,572,1
45,1429,5,3,2,361,74,263,1
76,1828,3,1,0,19,94,610,1
73,1265,4,3,0,102,31,612,0
90,1742,8,3,0,102,102,76,1
55,1533,4,3,0,19,104,337,1
86,2018,5,0,1,19,38,408,1
128,1776,2,2,0,379,79,612,0
43,1656,8,3,2,28,110,438,1
41,1884,3,3,2,103,38,236,1
135,1706,3,1,2,19,109,99,1
25,1420,3,3,2,236,74,612,0
36,1250,4,1,0,21,84,612,1
46,2120,6,2,0,311,38,548,1
61,1327,5,1,2,19,38,20,1
49,1377,4,1,2,368,104,337,0
88,1658,8,1,0,19,108,612,1
63,1544,4,1,2,19,90,30,1
52,2279,2,3,0,19,33,39,1
62,2082,6,3,2,361,90,252,1
32,1319,4,1,0,19,94,543,0
48,1559,3,3,0,19,33,274,1
120,1265,4,3,0,37,83,0,0
52,1003,4,1,0,108,82,612,0
28,1173,4,3,0,48,94,53,1
40,1068,2,1,0,19,50,612,1
80,1821,5,3,2,366,104,348,0
22,1615,3,3,0,19,38,291,1
32,1407,3,3,0,19,61,299,1
47,1759,8,3,2,315,106,137,1
144,2063,8,0,1,237,102,357,1
61,1439,3,1,2,187,94,610,1
73,1592,1,0,1,187,93,612,1
25,1708,2,3,0,102,109,612,0
53,1887,5,1,2,107,90,130,1
59,1607,3,3,2,19,33,274,1
30,1768,9,3,0,187,38,18,0
70,1531,1,2,0,19,43,612,1
72,1017,7,1,0,19,52,569,1
96,1602,6,3,0,19,55,612,1
57,1567,6,3,2,84,52,240,1
33,1563,5,3,2,26,90,386,1
20,1750,5,1,0,325,10,76,1
85,1314,3,3,0,28,94,326,0
10,1971,7,3,2,19,110,561,1
25,1667,2,3,2,102,48,612,1
26,1600,4,3,0,37,104,349,1
19,2045,3,2,2,19,38,377,0
35,1748,7,3,2,28,52,138,0
30,1500,3,3,2,236,109,504,0
52,1233,4,3,2,113,33,274,1
46,1500,6,1,0,182,33,274,0
43,1455,8,1,2,311,109,307,1
56,1605,1,1,0,19,121,612,1
77,1780,5,3,2,19,90,468,1
25,1886,5,3,0,108,94,540,1
85,1663,6,3,0,37,102,535,1
79,1302,2,1,2,187,127,432,1
58,2148,2,3,0,19,9,171,1
29,1572,7,1,2,19,106,612,1
73,1942,4,3,2,19,94,132,1
55,1858,5,3,2,361,58,5,1
6,1414,3,0,1,298,61,299,1
28,1808,6,3,2,102,52,47,0
93,2129,4,3,2,355,109,612,1
90,1221,2,1,0,19,33,43,1
97,1963,2,3,2,19,33,122,1
3,978,2,3,0,102,104,612,0
30,1462,3,3,0,19,20,0,1
66,1545,5,2,0,187,104,348,1
110,1841,3,3,0,108,109,99,1
61,1424,4,1,2,102,46,612,1
90,1474,5,0,1,114,74,472,0
147,1834,5,1,2,19,17,18,0
34,1642,2,1,0,121,94,612,1
88,1804,3,3,0,19,29,612,1
134,1369,5,1,0,237,122,333,1
41,1603,4,1,2,104,109,206,1
47,1612,4,3,2,19,61,330,1
29,1229,2,3,2,321,70,612,1
110,1784,4,1,0,19,109,385,1
64,1016,2,3,2,257,127,432,0
30,1218,1,3,0,379,121,612,1
113,1769,2,1,2,19,70,612,1
91,1828,3,0,1,102,74,612,0
23,1786,4,3,2,311,104,349,0
91,1649,10,1,2,248,26,612,1
47,1701,9,3,2,19,38,18,1
47,1841,10,3,0,102,109,255,1
53,1214,6,3,2,102,11,605,1
94,1701,4,3,2,54,94,534,1
73,1696,2,1,2,238,127,493,1
119,1942,8,1,2,19,90,581,1
23,1527,2,3,2,19,127,461,1
54,1262,1,3,0,360,121,612,1
78,1218,4,1,0,187,61,133,1
37,1866,1,3,2,19,93,612,1
45,1298,5,3,0,187,17,612,1
88,1869,8,1,0,311,83,181,1
59,1446,2,2,2,19,50,612,1
62,1748,1,3,0,19,49,612,1
62,1689,6,3,2,19,7,612,1
99,1856,3,1,2,314,38,533,0
97,1689,6,0,1,19,36,612,0
16,1413,5,3,0,356,106,612,0
66,1621,5,3,0,315,122,333,1
32,1916,5,1,0,102,101,575,1
57,1667,5,1,2,22,90,377,1
23,1572,3,3,2,19,10,612,1
98,1743,3,1,0,19,43,218,1
40,1540,3,3,2,19,109,504,1
71,1359,8,3,2,19,36,485,0
94,1575,4,3,0,19,61,330,1
27,1868,4,1,2,31,38,332,1
26,1431,1,1,0,19,68,612,1
116,1424,3,0,1,19,10,612,0
112,1865,7,3,0,102,94,578,1
22,1365,7,3,2,314,10,575,0
16,1334,2,3,0,324,104,612,1
53,1293,4,1,2,19,82,612,1
29,1340,1,3,0,19,121,612,1
91,1466,4,3,2,315,83,0,0
109,1417,8,0,1,102,102,76,1
55,1810,8,3,2,108,102,357,1
2,1921,2,2,0,3,94,612,1
52,1150,2,1,0,19,48,612,1
35,2221,2,1,2,37,48,612,1
66,1372,4,3,0,19,109,385,1
20,1485,3,3,0,19,61,299,1
51,1979,4,1,2,361,104,337,1
72,1403,2,1,0,117,61,612,1
47,1447,7,3,2,19,109,128,1
21,1951,8,3,2,19,106,481,1
10,1240,2,2,0,43,109,612,1
117,1184,4,1,2,32,94,543,1
26,1530,4,3,0,19,90,612,1
96,1733,4,0,1,19,109,206,1
37,1452,7,3,2,55,106,612,1
43,1718,4,3,2,19,94,132,1
107,1684,9,2,2,19,102,357,1
102,1561,1,2,0,298,93,612,1
66,2076,3,3,0,21,127,384,1
43,1686,6,3,2,19,52,47,1
12,1250,1,1,0,28,120,612,1
65,1177,4,3,2,48,61,152,1
50,1516,7,2,0,350,77,151,1
9,1601,4,3,2,102,10,112,1
47,1677,4,1,2,19,94,132,1
119,1545,9,1,2,19,52,84,1
46,1509,4,3,0,37,50,592,1
89,1682,2,1,2,356,48,612,1
124,1486,3,1,0,19,61,312,1
62,1243,3,3,0,19,109,530,1
7,1271,3,1,2,361,61,591,1
29,1612,8,1,2,104,102,181,1
4,1589,4,3,2,211,109,612,0
39,1506,5,3,2,236,106,612,1
53,1500,5,3,2,19,106,612,0
16,1570,4,1,0,102,90,612,1
24,1928,7,1,0,37,110,438,1
46,1421,9,1,0,187,102,357,1
1,1670,1,3,2,19,60,612,1
18,1459,4,3,2,214,10,76,1
33,1672,6,0,1,394,102,535,0
138,1315,7,3,0,19,36,484,1
98,1446,3,1,0,315,61,591,1
92,1442,1,2,0,19,103,612,1
63,2229,10,1,2,361,38,18,1
37,2222,5,1,2,19,17,319,1
10,1758,3,3,0,26,29,612,0
115,1445,5,1,2,108,58,5,1
78,1772,5,3,0,37,109,381,1
72,1570,5,3,0,19,90,435,1
2,1570,1,3,0,19,121,612,1
53,1554,1,3,2,200,93,612,1
40,1789,6,3,0,19,58,612,1
87,1434,7,3,2,103,36,516,1
42,1649,8,3,0,102,109,193,1
49,1607,2,3,2,43,76,612,1
51,1500,5,1,2,32,83,612,1
8,1866,6,3,2,236,84,1,1
70,1065,4,3,0,315,17,612,1
35,1859,5,3,2,19,109,503,1
132,1497,3,3,0,19,109,99,1
63,1636,1,1,2,102,3,612,1
44,1091,5,3,0,315,94,144,0
21,2225,10,3,2,311,26,612,1
40,955,2,1,0,108,48,612,1
69,1658,6,2,2,117,102,515,1
40,1523,5,1,0,19,116,612,1
122,1364,3,1,0,19,84,3,1
64,1588,2,3,0,220,70,612,1
67,1591,6,2,2,102,8,149,1
39,1495,4,1,2,19,90,322,1
15,1589,8,3,2,37,102,76,0
101,1076,3,2,2,19,61,299,0
103,1678,2,3,2,253,93,612,1
38,1794,7,3,2,102,92,259,1
51,1381,3,1,2,311,17,233,1
63,1320,1,2,2,102,86,612,1
86,1817,4,1,0,187,109,612,0
85,1403,2,1,2,329,0,612,1
55,945,5,3,2,211,74,263,1
94,1629,2,3,0,19,104,612,0
16,1107,3,3,0,236,61,591,1
41,1767,8,3,2,104,109,352,0
103,1466,4,2,2,19,90,30,0
42,1842,3,3,0,393,127,556,1
77,1451,2,3,2,37,70,612,1
14,1183,4,1,0,311,17,14,0
53,1544,2,3,2,368,70,612,1
17,1428,4,1,2,19,109,385,0
80,1275,2,3,0,315,33,543,1
39,1500,1,1,2,223,9,612,1
57,1433,2,3,0,104,33,543,1
69,1216,2,1,2,236,93,612,1
47,1824,2,1,2,315,70,612,1
64,1571,7,3,0,117,38,19,1
92,1820,6,3,0,104,90,375,0
52,1532,9,3,0,350,90,181,1
92,1139,4,1,0,19,94,543,1
45,1028,4,1,2,128,96,501,0
38,1079,4,2,0,311,94,286,0
63,1631,3,1,2,102,20,0,0
60,1133,6,3,0,108,40,612,1
28,1400,2,3,0,104,127,421,0
6,1959,5,3,2,19,17,568,1
66,2119,7,3,0,102,102,145,1
122,1807,2,1,0,102,109,612,1
30,1211,6,0,1,187,52,569,1
45,1500,3,3,2,104,127,556,0
63,1447,3,3,2,315,61,334,1
59,2064,6,3,2,238,52,47,1
43,1805,4,3,2,314,83,0,1
47,1342,3,3,2,205,94,610,0
55,1227,3,3,2,108,109,331,1
47,1755,4,3,2,19,55,612,1
68,1870,2,3,0,298,97,0,1
6,1217,6,2,0,28,36,612,1
133,1762,5,1,2,19,109,382,1
81,1782,7,3,2,119,36,248,1
27,2270,6,3,2,19,35,175,1
30,1528,3,3,0,110,94,326,0
53,1283,2,3,2,19,104,612,1
62,1985,8,3,0,19,83,181,1
80,1241,3,2,0,19,109,504,1
34,1412,4,3,0,102,109,612,1
68,1996,2,1,0,348,33,250,1
30,1367,1,2,0,315,53,612,0
93,1572,6,1,2,19,104,314,1
88,1401,3,0,1,19,109,331,1
39,2336,9,3,2,19,106,426,1
57,1857,5,3,2,104,94,144,1
53,2022,6,3,2,248,33,41,1
52,1224,6,3,0,211,83,227,1
58,1712,3,3,0,315,94,326,0
60,1692,2,3,0,311,9,171,1
59,1827,9,1,2,104,44,561,1
63,1445,5,3,2,102,106,612,1
133,1851,10,0,1,41,109,195,0
17,1545,2,3,2,311,127,280,1
58,1204,5,1,0,37,106,612,0
55,1335,2,3,2,19,104,612,1
120,1741,7,1,0,19,38,137,1
54,1145,2,3,2,108,104,612,1
51,1500,6,3,2,19,102,77,0
39,1971,4,1,2,19,104,337,1
76,1551,6,2,0,311,90,129,1
12,1807,3,3,0,19,43,218,1
76,1195,6,3,0,315,0,557,0
33,2063,4,3,2,104,104,337,1
26,1458,5,3,2,19,29,435,1
46,1970,3,0,1,32,61,370,0
78,1308,5,3,0,19,122,527,1
35,1619,5,3,2,19,38,20,0
52,1780,3,3,0,102,38,282,0
89,1576,4,3,2,19,104,349,1
79,1599,4,3,2,315,94,543,1
44,1300,6,3,0,121,109,321,1
31,1755,4,1,2,19,90,612,1
35,1483,3,1,2,370,59,612,1
45,1383,6,1,2,315,36,612,0
75,1491,5,3,2,113,38,20,1
68,1701,5,1,0,117,116,612,1
31,1359,4,3,2,315,61,110,0
69,1553,4,1,2,19,90,612,1
85,1220,5,3,2,187,0,572,1
146,1950,5,3,0,363,83,1,1
25,1970,4,3,2,19,31,612,0
52,1620,5,1,0,19,94,309,1
32,1306,8,3,0,19,36,248,1
31,1832,7,1,2,211,17,18,0
65,1831,2,1,2,180,70,612,0
106,1323,6,1,0,102,116,0,1
69,1069,2,1,2,19,70,612,1
81,1950,2,3,2,19,48,612,1
71,1677,9,1,2,350,52,211,0
133,1832,5,1,2,19,109,156,1
23,1331,5,1,2,19,116,612,1
58,1453,3,1,0,358,75,612,1
48,1629,9,3,0,19,90,490,1
46,2035,2,3,0,104,32,0,1
62,1216,4,1,0,391,104,337,1
54,1668,2,1,0,311,48,612,1
81,1359,3,1,2,187,0,319,1
24,1087,5,1,0,19,52,612,1
11,1500,2,3,2,306,50,612,0
77,1690,8,3,2,19,109,307,1
33,1426,4,3,2,19,0,353,1
39,1610,5,3,0,311,17,568,0
46,1605,6,3,2,119,40,612,1
105,1500,2,0,1,315,84,2,1
125,911,2,1,2,396,33,42,1
100,1500,5,3,0,108,101,560,1
109,1606,5,1,2,189,118,136,1
104,1325,4,3,0,315,90,612,1
36,1835,6,1,0,315,55,612,1
36,1564,6,1,0,315,52,476,1
62,1509,8,1,0,19,0,348,1
80,1690,4,2,0,19,74,338,1
135,1621,8,1,2,225,38,18,1
56,1605,5,3,0,108,38,20,1
87,1480,8,1,2,19,52,211,0
15,1903,2,3,2,19,50,612,1
54,1278,2,3,0,238,0,612,1
19,1682,3,3,2,19,94,610,0
60,1912,2,2,0,19,86,85,1
36,1750,6,1,0,111,40,612,1
51,1686,5,3,2,359,83,612,1
32,1075,1,1,0,19,121,612,1
10,1035,1,3,0,61,125,612,1
113,1623,3,3,2,358,38,377,1
17,1703,9,3,2,102,52,569,0
59,1102,1,3,2,39,121,612,0
62,1503,2,3,0,361,127,493,1
75,1499,4,1,2,350,90,322,1
112,1619,2,0,1,19,50,612,1
71,1241,3,3,0,311,109,141,0
29,1222,6,2,2,363,102,137,1
20,1399,5,3,0,19,38,181,0
94,1500,4,0,1,0,90,612,1
48,1345,2,3,0,19,94,612,1
61,1810,2,3,2,19,34,612,1
65,1952,4,1,2,102,109,612,1
114,1724,5,3,0,363,90,468,1
93,1858,7,1,2,19,72,298,1
112,1300,3,1,0,19,109,141,1
72,1112,3,1,0,187,117,0,1
80,1349,3,3,0,75,94,326,1
27,1279,5,3,0,311,74,263,1
55,1419,4,1,2,108,61,152,1
65,2179,4,3,2,69,90,612,1
104,1638,6,1,0,19,33,274,1
51,1861,1,2,2,321,93,612,0
86,1804,5,0,1,104,38,181,1
100,1995,6,0,1,19,104,425,1
34,1252,3,1,0,19,94,132,1
94,969,2,1,0,108,94,612,0
26,958,6,3,2,19,109,391,0
39,1267,4,3,2,19,104,337,1
69,1802,5,1,2,19,74,472,1
30,1081,1,1,0,19,120,612,1
91,1520,6,2,2,117,58,612,1
39,1940,3,1,2,290,61,370,1
34,1437,4,3,0,19,94,1,1
70,1506,1,3,0,19,120,612,1
60,994,6,1,0,248,38,324,1
9,1395,2,1,2,19,79,612,1
42,1663,4,3,0,19,109,385,1
19,976,4,3,0,19,99,612,1
17,1500,3,3,0,311,94,132,0
31,1434,3,2,2,19,10,612,1
63,1949,5,3,2,19,109,156,0
111,1783,3,0,1,19,94,610,1
80,1898,9,3,0,19,58,315,1
44,1250,7,1,0,102,52,569,1
56,1695,2,3,2,348,70,612,1
40,1952,4,3,2,37,109,612,1
71,1613,9,3,2,108,38,18,1
39,1076,3,1,2,19,109,504,1
57,1366,1,1,2,298,1,612,1
106,1623,6,1,0,19,102,148,1
25,1582,4,3,2,19,83,0,1
63,1474,3,1,2,298,109,331,1
82,1773,2,3,0,19,79,612,1
42,1500,6,1,0,187,102,535,1
122,1648,8,2,1,19,84,137,1
120,1624,10,2,0,102,109,474,1
83,1662,2,3,2,19,70,612,1
40,1173,3,3,0,19,61,591,1
49,1160,3,1,2,108,94,326,1
52,1496,3,1,0,329,61,299,1
53,1741,4,3,2,19,109,612,1
68,1436,1,1,0,236,93,612,1
4,1527,1,1,0,19,9,612,1
66,1321,3,1,0,19,117,0,0
86,1832,6,3,0,19,102,535,1
57,1846,5,3,2,19,83,1,1
46,1933,5,3,2,19,101,560,1
44,1282,4,3,0,102,90,612,1
81,1768,8,2,2,118,102,357,1
77,1467,4,0,1,200,83,0,1
71,1485,7,1,2,234,106,612,0
75,1500,6,1,2,102,92,612,0
3,1408,3,0,1,185,94,610,0
92,1155,4,3,0,19,82,612,1
48,1639,7,1,0,376,36,516,1
73,1445,6,3,2,92,102,535,1
91,1890,5,1,2,19,109,156,1
92,1195,1,2,0,19,121,612,1
97,1909,5,3,2,41,83,612,1
52,1500,1,1,0,117,3,612,0
42,1739,4,1,0,102,10,414,1
40,1497,6,3,0,31,38,21,0
45,2002,6,3,0,219,109,115,1
34,1507,4,3,0,21,94,132,1
32,1515,8,3,0,372,106,137,1
30,1500,7,1,0,175,36,484,0
33,1702,9,3,2,19,106,481,0
2,1091,1,3,0,236,121,612,0
76,1302,4,3,2,202,109,251,1
26,1111,1,3,2,19,49,612,0
115,1765,3,3,0,19,38,434,1
28,1820,3,3,0,19,38,291,1
9,1500,2,1,2,168,64,612,1
43,1848,8,2,2,21,72,561,0
76,1460,2,1,0,19,70,612,1
28,1565,5,3,0,117,106,612,1
50,1500,3,3,0,19,109,509,0
27,1224,5,3,2,19,83,612,1
39,2118,4,3,2,102,109,139,1
73,1907,6,2,2,107,108,12,1
93,1441,4,2,2,37,31,612,1
80,1812,7,3,0,102,36,248,1
70,1691,7,3,0,37,38,19,0
62,1303,6,2,0,19,102,148,1
29,2300,8,3,2,19,72,441,1
44,1400,2,3,0,361,127,432,0
42,1444,5,1,0,19,106,612,1
77,2228,9,3,2,117,38,18,1
105,1500,6,1,2,19,102,535,0
9,1599,3,0,1,161,109,141,0
22,1264,4,0,1,236,61,330,1
30,1862,6,3,0,19,15,184,1
117,1501,3,3,2,19,109,99,1
74,1650,7,1,0,248,109,128,1
37,1556,3,3,2,108,109,99,1
47,1053,3,1,2,207,94,0,1
81,2150,5,1,2,19,83,1,1
19,1348,3,3,0,19,109,333,0
34,1570,7,3,0,19,70,210,1
100,1565,10,3,2,102,102,357,1
101,1670,3,1,2,236,10,612,1
19,1302,3,3,2,19,61,312,1
47,1288,6,1,2,206,11,605,0
36,1320,1,1,0,19,68,612,1
100,1444,4,1,0,19,90,30,0
46,1172,7,1,0,19,36,248,1
23,1377,6,1,2,19,52,47,0
16,1561,5,3,2,236,90,386,1
61,1687,5,3,2,19,74,263,1
94,1839,2,3,0,19,127,421,1
66,1500,5,1,0,19,11,0,0
59,1610,2,3,2,315,17,612,0
64,1200,6,1,0,21,109,115,1
70,1315,2,1,0,19,109,612,1
17,1671,1,3,2,21,121,612,1
17,1678,5,3,0,311,83,1,1
44,1599,2,3,0,19,48,612,1
113,1958,2,2,2,19,127,280,1
37,1597,2,3,0,289,69,612,1
19,1552,2,1,2,28,50,612,1
40,1181,5,3,0,37,109,116,0
53,1592,5,1,2,19,109,141,1
38,1983,2,3,0,19,48,612,1
107,1462,10,3,2,361,109,474,1
24,1864,9,3,2,104,102,357,1
107,1234,4,3,2,38,113,602,1
20,1196,5,3,0,102,90,386,1
98,1487,1,1,0,298,9,612,1
43,1499,3,2,2,117,10,612,0
16,1592,3,3,2,121,38,282,0
32,1256,6,3,0,19,90,375,1
95,2209,4,3,2,104,96,46,1
19,1613,1,3,2,394,49,612,1
45,2197,5,3,2,102,109,116,1
36,1343,3,1,0,19,61,591,1
29,1530,5,3,0,28,101,560,1
118,1431,3,3,0,350,34,612,0
108,1689,5,0,1,311,82,0,1
58,1500,1,1,0,117,68,612,0
71,1701,7,2,2,104,36,484,1
128,1560,3,3,0,19,109,331,1
29,1418,4,2,2,315,104,337,1
51,1305,3,3,2,187,109,504,1
100,1492,2,3,0,19,84,2,1
54,1454,4,3,0,19,33,274,1
51,1227,9,3,2,102,11,467,1
55,1461,3,1,2,19,33,543,1
37,1431,5,1,2,102,101,560,1
72,2232,9,2,0,355,52,211,1
104,1288,4,3,0,103,82,612,1
111,1239,2,3,2,19,34,612,1
75,1908,3,1,2,361,94,610,1
72,1778,6,3,0,19,90,375,1
79,2096,3,1,2,19,38,532,1
49,2082,9,3,2,19,26,612,1
118,1787,5,0,1,117,6,589,1
68,1756,6,3,2,356,52,569,1
106,1489,9,3,0,19,102,357,1
18,1149,5,3,0,19,106,612,1
95,1301,4,2,2,19,83,0,1
56,1302,6,1,0,19,102,77,1
55,1902,3,3,2,311,38,282,0
41,1799,3,3,2,19,90,612,1
35,1699,4,1,2,102,94,132,1
41,1775,4,3,2,108,82,612,1
74,1571,6,3,0,315,102,535,1
40,1958,1,1,0,19,86,612,1
60,2017,6,2,0,348,33,41,1
15,1547,3,1,2,108,20,0,1
93,2308,7,3,2,361,109,128,1
33,1830,4,1,2,315,90,612,1
43,1286,7,3,0,108,36,516,1
122,2277,7,0,1,19,33,41,1
97,1428,4,1,2,19,86,150,1
47,1757,10,0,1,31,52,569,1
9,1932,3,1,2,361,29,234,1
2,1749,1,3,2,19,68,612,1
4,1500,1,1,0,350,9,612,0
49,1987,5,1,2,117,101,560,0
74,1591,2,1,0,102,33,274,0
48,1388,2,3,2,19,17,612,1
71,999,6,1,2,203,102,83,1
37,1675,4,3,2,19,92,612,1
3,1252,2,3,2,315,5,612,1
59,2043,10,3,2,19,94,564,1
54,1562,2,1,0,110,73,137,0
56,1977,6,3,0,19,94,144,1
84,1728,4,3,2,315,33,274,1
27,1500,7,3,2,219,83,182,1
85,2032,7,3,2,39,70,59,0
40,1357,5,3,2,19,122,527,0
53,1274,2,1,2,203,120,452,1
43,1500,2,3,2,19,94,612,0
16,2008,4,3,2,248,33,274,1
96,2057,9,3,0,121,102,181,0
118,2111,6,0,1,347,104,425,1
41,1678,3,1,2,19,127,556,1
104,1982,1,1,0,219,103,612,1
44,1891,6,3,0,361,104,403,1
59,1500,3,1,2,19,20,0,0
78,2179,1,3,0,19,49,612,1
62,1214,3,3,0,379,94,326,1
10,2313,2,3,0,187,79,612,1
27,1500,5,1,2,350,38,408,1
36,871,3,3,0,80,88,612,1
44,1427,8,3,2,19,102,357,1
2,1442,2,3,2,389,38,0,1
116,1975,9,2,0,19,38,18,1
64,1255,10,3,0,158,90,136,0
46,1441,8,3,2,108,72,441,1
12,1277,3,2,0,72,59,612,0
2,920,2,3,0,315,94,612,1
102,1548,3,3,0,356,38,282,1
64,1509,4,3,2,19,104,349,1
130,1506,3,1,0,19,94,132,1
45,1673,4,3,2,19,90,322,1
44,1538,2,2,0,19,48,612,1
89,1655,4,3,2,0,61,80,1
15,1116,3,3,2,19,61,591,1
114,1407,3,3,0,315,38,434,1
90,1732,4,1,0,19,0,472,1
62,1788,6,1,0,19,40,612,1
66,1141,8,1,0,109,36,248,0
54,1430,3,1,0,70,61,370,1
52,951,1,1,0,253,121,612,1
59,1225,8,1,2,108,36,516,1
23,1697,5,0,1,19,52,612,0
49,1399,3,3,2,361,34,612,1
83,1478,5,3,2,102,106,612,0
35,1518,5,3,2,361,74,297,1
34,1228,1,1,0,236,53,612,0
12,1500,2,3,0,298,104,612,0
101,1342,3,3,2,315,17,233,1
54,1652,1,3,0,19,93,612,1
71,2054,8,1,2,102,109,213,1
103,1324,6,3,2,110,87,249,1
93,1651,3,1,2,224,109,530,0
47,1353,6,1,2,102,102,137,1
47,1348,3,1,2,97,109,99,1
64,1541,3,1,0,211,109,99,1
78,1542,9,2,0,19,52,137,1
103,1756,2,3,2,19,74,612,1
33,2264,4,3,2,19,31,612,0
61,1494,5,1,2,19,33,274,1
67,1039,3,3,2,108,38,277,1
77,1383,3,1,2,273,38,282,1
74,2352,7,3,2,361,63,612,1
47,2351,2,3,2,21,127,432,1
45,1708,5,3,2,102,94,144,0
44,1862,4,3,0,19,29,377,1
131,1334,6,1,2,19,109,0,1
66,1589,6,1,0,19,90,129,0
38,1262,5,3,0,19,94,309,1
90,1142,4,1,0,315,38,332,1
58,1943,5,3,0,58,83,1,1
114,1755,3,0,1,360,94,610,1
26,1716,5,1,0,102,61,554,1
45,1445,6,3,2,37,90,125,1
4,927,1,3,0,102,73,612,1
63,1946,4,3,2,104,109,612,1
51,1896,4,1,2,70,96,501,1
120,1695,4,1,0,102,90,129,1
83,1703,6,2,2,19,52,47,1
44,1237,6,3,0,315,11,605,0
18,1271,4,3,0,4,90,322,0
38,1715,9,3,0,19,44,561,0
79,1812,3,2,2,19,94,610,0
52,1500,1,3,0,236,43,612,0
139,1714,4,1,2,19,90,322,1
118,2055,8,3,0,187,72,441,1
58,1670,4,1,0,19,99,612,1
63,2014,8,3,2,19,90,63,1
41,1441,3,3,0,19,10,612,1
17,1785,5,3,2,41,52,612,1
60,1500,3,1,0,158,122,612,0
60,1663,4,3,2,104,76,612,0
83,1840,8,2,2,19,72,441,1
59,1852,2,3,2,19,70,612,1
45,1344,3,3,2,315,59,612,1
111,2045,6,3,2,386,102,535,0
22,1902,3,3,2,37,109,141,0
53,1580,5,2,2,298,73,351,1
14,1646,4,3,2,315,67,612,1
94,1278,6,3,0,311,102,83,1
36,1668,8,3,0,361,90,129,1
80,1216,4,3,0,41,122,329,1
92,1892,2,1,0,361,48,612,1
64,1334,5,1,0,187,94,144,1
18,1477,4,3,0,37,109,385,1
70,1581,6,3,2,355,83,2,1
39,1692,7,1,2,108,90,561,1
50,1622,6,3,0,215,109,206,1
106,968,8,1,0,236,36,248,0
56,1872,5,3,0,301,38,548,1
73,1743,7,1,2,19,15,16,1
33,1973,3,3,0,295,127,304,0
80,1143,5,1,0,19,87,612,0
2,1765,1,3,2,380,73,612,1
109,1360,4,3,2,19,84,612,1
15,1750,7,1,2,311,20,406,1
3,1240,3,3,2,262,59,612,0
33,2145,4,3,2,355,109,385,1
128,1686,2,0,1,31,18,612,1
46,1224,4,3,0,19,90,322,1
24,1383,2,3,2,19,33,543,1
77,1869,3,1,2,19,109,504,1
87,1777,6,2,2,37,102,148,1
65,1474,10,3,2,383,102,181,0
39,1965,3,1,2,19,94,326,1
5,2141,2,3,2,361,70,612,1
71,1531,2,1,2,236,94,612,0
12,1612,1,3,0,19,33,612,1
57,1473,5,3,2,19,109,390,1
50,1543,4,2,0,19,90,30,1
2,1332,2,3,2,315,47,0,1
121,1483,3,1,2,356,17,612,0
66,2073,5,1,0,361,109,601,1
52,1577,6,1,0,117,77,151,1
48,1508,4,3,0,361,61,152,1
113,1507,4,1,2,108,109,385,1
2,1362,1,3,2,315,120,612,1
66,1633,2,3,2,359,127,436,1
9,1310,6,1,2,19,101,153,1
43,1880,9,1,2,19,11,467,1
24,1063,5,3,0,19,61,168,1
117,1979,9,3,2,104,106,426,1
56,1500,3,1,0,66,61,276,0
60,1887,3,3,0,236,94,610,1
82,1638,6,3,0,19,52,47,1
37,1426,6,1,2,374,17,224,1
66,2239,6,2,0,37,17,18,1
43,1295,6,3,0,31,90,125,1
43,2226,8,3,2,311,38,18,1
52,1413,6,1,0,19,40,612,1
63,1890,9,3,2,102,84,137,1
14,1434,5,2,0,19,83,1,0
106,1372,2,3,0,19,33,41,0
24,1320,8,3,0,108,52,483,0
74,1771,8,3,0,298,109,409,1
38,1182,3,3,0,19,20,0,1
51,1928,10,3,2,19,38,599,1
144,2063,8,0,1,237,102,357,1
54,1844,4,3,0,108,90,612,0
14,1382,1,2,0,310,53,612,1
13,1729,1,3,2,102,121,612,1
64,1873,10,1,0,19,109,166,1
62,1302,5,2,0,234,38,20,1
112,1642,2,3,0,19,38,0,1
76,1299,8,1,0,108,58,496,1
